Date,Maturity,F,Mean,Std,Skew,Kurt,Q01,Q10,Q25,Q50,Q75,Q90,Q99,IQR_9010,IQR_7525,Tail_right,Tail_left,Tail_total,flag_mean_ok,flag_std_ok,flag_iqr_ok,flag_mono_ok,quality_ok
2019-03-01,1M,6.5,6.49999999999899,0.30361273743524236,-0.011475457695207325,3.0939255823429113,5.788788788788789,6.111111111111111,6.293293293293294,6.503503503503504,6.6996996996997,6.881881881881881,7.2042042042042045,0.7707707707707705,0.4064064064064059,0.3223223223223233,0.3223223223223215,0.6446446446446448,True,True,True,True,True
2019-04-01,1M,7.5,7.499999999999296,0.3043767196640988,0.5042298150584127,6.404574750972216,6.76976976976977,7.148148148148148,7.316316316316316,7.498498498498498,7.666666666666667,7.834834834834835,8.367367367367368,0.686686686686687,0.3503503503503511,0.5325325325325334,0.37837837837837807,0.9109109109109115,True,True,True,True,True
2019-05-01,1M,7.5,7.500000009344358,0.3223135260728753,1.130724173473484,13.31897943319609,6.713713713713714,7.148148148148148,7.33033033033033,7.498498498498498,7.652652652652653,7.8208208208208205,8.493493493493492,0.6726726726726726,0.3223223223223224,0.6726726726726717,0.43443443443443375,1.1071071071071055,True,True,True,True,True
2019-06-01,1M,7.25,7.250000007818719,0.28375833961040253,0.6445393770328105,11.31806774961265,6.5175175175175175,6.923923923923924,7.106106106106106,7.26026026026026,7.4004004004004,7.54054054054054,8.045045045045045,0.616616616616616,0.29429429429429455,0.5045045045045047,0.4064064064064068,0.9109109109109115,True,True,True,True,True
2019-07-01,1M,7.25,7.250000002054991,0.24819028229814485,1.3408367444666016,14.586973778382415,6.657657657657658,6.993993993993994,7.12012012012012,7.246246246246246,7.358358358358358,7.498498498498498,8.045045045045045,0.5045045045045038,0.23823823823823798,0.5465465465465469,0.33633633633633675,0.8828828828828836,True,True,True,True,True
2019-08-01,1M,7.0,7.000000000227915,0.1885612424287858,0.5833432763160418,13.233138659994818,6.48948948948949,6.797797797797798,6.895895895895896,7.008008008008008,7.092092092092092,7.19019019019019,7.498498498498498,0.39239239239239243,0.19619619619619666,0.308308308308308,0.308308308308308,0.616616616616616,True,True,True,True,True
2019-09-01,1M,7.0,7.000000000094711,0.19944705655439177,2.1858899517781123,16.787586317934682,6.615615615615615,6.811811811811811,6.895895895895896,6.97997997997998,7.064064064064064,7.176176176176176,7.722722722722723,0.3643643643643646,0.16816816816816882,0.5465465465465469,0.19619619619619577,0.7427427427427427,True,True,True,True,True
2019-10-01,1M,6.5,6.500012257515969,0.20791600193117354,-0.23328608254702712,9.71721671625968,5.886886886886886,6.265265265265265,6.391391391391391,6.503503503503504,6.615615615615615,6.727727727727728,6.965965965965966,0.4624624624624625,0.2242242242242245,0.23823823823823798,0.37837837837837895,0.6166166166166169,True,True,True,True,True
2019-11-01,1M,6.5,6.500000000012867,0.15938449884825906,1.8950167876333333,15.610057760999794,6.181181181181181,6.335335335335335,6.405405405405405,6.48948948948949,6.573573573573574,6.657657657657658,7.106106106106106,0.3223223223223224,0.16816816816816882,0.4484484484484481,0.15415415415415445,0.6026026026026026,True,True,True,True,True
2019-12-01,1M,6.0,6.000001841551644,0.14329131822533897,-0.5021205139403677,4.16443700222033,5.606606606606606,5.816816816816816,5.914914914914915,6.013013013013013,6.097097097097097,6.167167167167167,6.307307307307307,0.3503503503503511,0.1821821821821823,0.1401401401401401,0.21021021021021014,0.3503503503503502,True,True,True,True,True
2020-01-01,1M,6.0,5.999999999999752,0.12293691285624382,0.23909039074235308,4.445125021676743,5.718718718718719,5.844844844844845,5.914914914914915,5.998998998998999,6.069069069069069,6.153153153153153,6.321321321321321,0.308308308308308,0.15415415415415445,0.16816816816816793,0.12612612612612573,0.29429429429429366,True,True,True,True,True
2020-02-01,1M,6.0,5.999999901395343,0.1164727482872239,1.3760823160249689,10.006103682683689,5.774774774774775,5.872872872872873,5.928928928928929,5.984984984984985,6.055055055055055,6.1391391391391394,6.34934934934935,0.2662662662662667,0.12612612612612573,0.21021021021021014,0.09809809809809789,0.308308308308308,True,True,True,True,True
2020-03-01,1M,6.0,6.00000032789297,0.3526971027548396,0.8281909699757897,8.482529086350281,5.186186186186186,5.62062062062062,5.802802802802803,5.970970970970971,6.167167167167167,6.405405405405405,7.05005005005005,0.7847847847847849,0.3643643643643646,0.6446446446446448,0.43443443443443464,1.0790790790790794,True,True,True,True,True
2020-04-01,1M,6.0,6.000000001793362,0.27522016337892635,1.8070092920951868,10.692941479064316,5.508508508508509,5.718718718718719,5.8308308308308305,5.956956956956957,6.111111111111111,6.293293293293294,6.993993993993994,0.5745745745745747,0.2802802802802802,0.7007007007007005,0.21021021021021014,0.9109109109109106,True,True,True,True,True
2020-05-01,1M,5.0,5.0156784064121425,0.2677781501390364,0.5647754144251211,7.41170113845264,4.312312312312312,4.732732732732733,4.897897897897898,5.003003003003003,5.123123123123123,5.288288288288289,5.918918918918919,0.5555555555555562,0.22522522522522515,0.6306306306306304,0.42042042042042027,1.0510510510510507,True,True,True,True,True
2020-06-01,1M,4.5,4.500013921972168,0.2766186048227514,0.9065104555843699,14.07497551327455,3.786786786786787,4.192192192192192,4.357357357357357,4.5075075075075075,4.642642642642643,4.777777777777778,5.273273273273274,0.5855855855855854,0.2852852852852852,0.4954954954954962,0.40540540540540526,0.9009009009009015,True,True,True,True,True
2020-07-01,1M,4.25,4.250017754634753,0.2664596976224058,1.6745572156759465,17.635033367422114,3.621621621621622,3.981981981981982,4.117117117117117,4.237237237237237,4.357357357357357,4.4924924924924925,5.138138138138138,0.5105105105105103,0.24024024024024015,0.6456456456456454,0.36036036036036023,1.0060060060060056,True,True,True,True,True
2020-08-01,1M,4.0,4.000046526468689,0.24559537485807487,0.4777629007097472,14.800012797881111,3.2912912912912913,3.726726726726727,3.876876876876877,4.012012012012012,4.132132132132132,4.237237237237237,4.687687687687688,0.5105105105105103,0.25525525525525516,0.4504504504504503,0.4354354354354357,0.885885885885886,True,True,True,True,True
2020-09-01,1M,4.25,4.250005433035752,0.2446412505475136,2.296931625873669,19.322254740833415,3.741741741741742,4.027027027027027,4.132132132132132,4.222222222222222,4.327327327327327,4.4624624624624625,5.138138138138138,0.4354354354354353,0.19519519519519513,0.6756756756756754,0.2852852852852852,0.9609609609609606,True,True,True,True,True
2020-10-01,1M,4.0,4.000441179034329,0.23802142890128525,0.7118572621291749,17.78088624265328,3.3063063063063063,3.741741741741742,3.891891891891892,4.012012012012012,4.132132132132132,4.222222222222222,4.642642642642643,0.4804804804804803,0.24024024024024015,0.42042042042042027,0.4354354354354357,0.855855855855856,True,True,True,True,True
2020-11-01,1M,4.0,4.000590610634198,0.23687501428146893,0.8543655970933846,18.978418787272084,3.3213213213213213,3.741741741741742,3.891891891891892,4.012012012012012,4.132132132132132,4.222222222222222,4.657657657657658,0.4804804804804803,0.24024024024024015,0.4354354354354353,0.4204204204204207,0.855855855855856,True,True,True,True,True
2020-12-01,1M,4.0,4.002371697800553,0.21485446582526727,1.193138799234878,23.31620505030558,3.3963963963963963,3.771771771771772,3.906906906906907,4.012012012012012,4.117117117117117,4.207207207207207,4.402402402402402,0.4354354354354353,0.21021021021021014,0.19519519519519513,0.3753753753753757,0.5705705705705708,True,True,True,True,True
2021-01-01,1M,4.0,4.001416835440392,0.24414944615020226,1.4569251530090457,23.599942870347448,3.3213213213213213,3.741741741741742,3.891891891891892,4.012012012012012,4.132132132132132,4.222222222222222,4.717717717717718,0.4804804804804803,0.24024024024024015,0.4954954954954953,0.4204204204204207,0.915915915915916,True,True,True,True,True
2021-02-01,1M,4.0,4.000328950578458,0.25642580054691577,1.1947261104002311,21.4374906380305,3.2762762762762763,3.726726726726727,3.876876876876877,4.012012012012012,4.132132132132132,4.237237237237237,4.717717717717718,0.5105105105105103,0.25525525525525516,0.4804804804804803,0.45045045045045073,0.930930930930931,True,True,True,True,True
2021-03-01,1M,4.25,4.250058738675365,0.32635313658338727,2.2450612802553085,21.6082571438838,3.5165165165165164,3.936936936936937,4.087087087087087,4.237237237237237,4.372372372372372,4.5525525525525525,5.378378378378379,0.6156156156156154,0.2852852852852852,0.8258258258258264,0.4204204204204207,1.2462462462462471,True,True,True,True,True
2021-04-01,1M,4.5,4.5000858140659155,0.3421824417301092,1.0527757480635458,17.864955659690903,3.5765765765765765,4.132132132132132,4.342342342342342,4.5225225225225225,4.672672672672673,4.822822822822823,5.438438438438439,0.6906906906906904,0.3303303303303302,0.6156156156156163,0.5555555555555558,1.171171171171172,True,True,True,True,True
2021-05-01,1M,5.0,5.0000074129646235,0.38006909371169306,2.293949598707046,20.734497210553762,4.162162162162162,4.642642642642643,4.822822822822823,4.972972972972973,5.123123123123123,5.333333333333334,6.354354354354355,0.6906906906906913,0.3003003003003002,1.0210210210210207,0.4804804804804803,1.501501501501501,True,True,True,True,True
2021-06-01,1M,5.25,5.250004147240164,0.3644266532211392,1.3391965804887642,17.15983226431065,4.327327327327327,4.852852852852853,5.063063063063063,5.258258258258259,5.423423423423424,5.588588588588589,6.33933933933934,0.7357357357357364,0.3603603603603611,0.7507507507507505,0.5255255255255253,1.2762762762762758,True,True,True,True,True
2021-07-01,1M,6.0,6.00000058980579,0.364577543844443,0.7031223313037119,12.068908181159841,5.048048048048048,5.588588588588589,5.813813813813814,6.009009009009009,6.1891891891891895,6.384384384384385,6.984984984984985,0.7957957957957955,0.37537537537537524,0.6006006006006004,0.5405405405405412,1.1411411411411416,True,True,True,True,True
2021-08-01,1M,6.5,6.500000009859329,0.3579289029266751,1.4785677151346373,12.365703939051622,5.708708708708709,6.129129129129129,6.3093093093093096,6.474474474474475,6.654654654654655,6.864864864864865,7.6906906906906904,0.7357357357357355,0.3453453453453452,0.8258258258258255,0.42042042042042027,1.2462462462462458,True,True,True,True,True
2021-09-01,1M,6.5,6.500000000385204,0.32038693014555725,0.27810194658853415,6.13149246162662,5.693693693693694,6.129129129129129,6.3093093093093096,6.504504504504505,6.684684684684685,6.864864864864865,7.345345345345345,0.7357357357357355,0.37537537537537524,0.4804804804804803,0.4354354354354353,0.9159159159159156,True,True,True,True,True
2021-10-01,1M,6.5,6.50000004188877,0.3955293242258123,-0.04689934730700446,6.717774933620789,5.423423423423424,6.024024024024024,6.2792792792792795,6.51951951951952,6.744744744744745,6.93993993993994,7.45045045045045,0.9159159159159156,0.4654654654654653,0.5105105105105103,0.6006006006006004,1.1111111111111107,True,True,True,True,True
2021-11-01,1M,7.0,6.999999825518616,0.4625352473205425,0.5518444022607718,9.797404881564262,5.813813813813814,6.45945945945946,6.744744744744745,7.015015015015015,7.255255255255255,7.495495495495495,8.246246246246246,1.0360360360360357,0.5105105105105103,0.7507507507507505,0.6456456456456454,1.396396396396396,True,True,True,True,True
2021-12-01,1M,7.5,7.499997245540166,0.5419930872528292,0.5268466156311701,8.800407280561663,6.129129129129129,6.864864864864865,7.195195195195195,7.495495495495495,7.8108108108108105,8.11111111111111,8.906906906906908,1.2462462462462458,0.6156156156156154,0.7957957957957973,0.7357357357357355,1.5315315315315328,True,True,True,True,True
2022-01-01,1M,8.0,7.999997752223212,0.5240491800548704,0.33380176847236026,7.445749649353721,6.654654654654655,7.375375375375375,7.6906906906906904,8.006006006006006,8.306306306306306,8.591591591591591,9.357357357357358,1.2162162162162158,0.6156156156156154,0.7657657657657673,0.7207207207207205,1.4864864864864877,True,True,True,True,True
2022-02-01,1M,8.5,8.499978060011106,0.6127902968394964,0.380165440716813,6.490230783248685,7.0,7.7507507507507505,8.126126126126126,8.501501501501501,8.861861861861861,9.207207207207208,10.078078078078079,1.4564564564564577,0.7357357357357355,0.8708708708708706,0.7507507507507505,1.621621621621621,True,True,True,True,True
2022-03-01,1M,8.75,8.495133130505696,0.9973981049315697,2.2430740581285975,14.713030678701134,6.5125125125125125,7.381381381381381,7.82982982982983,8.334334334334335,8.81081081081081,9.53953953953954,12.426426426426426,2.158158158158159,0.9809809809809806,2.886886886886886,0.8688688688688684,3.7557557557557546,True,True,True,True,True
2022-04-01,1M,12.0,11.999970526609193,1.3431642033175069,0.13802674237767434,3.6939134991139015,8.837837837837839,10.324324324324325,11.135135135135135,12.0,12.837837837837839,13.64864864864865,15.405405405405405,3.3243243243243246,1.7027027027027035,1.7567567567567561,1.486486486486486,3.243243243243242,True,True,True,True,True
2022-05-01,1M,5.0,5.148665748388478,1.0769059463770232,0.406277795342928,3.0812281470201057,3.108108108108108,3.756756756756757,4.378378378378379,5.081081081081081,5.837837837837839,6.5675675675675675,7.918918918918919,2.8108108108108105,1.4594594594594597,1.3513513513513518,0.6486486486486491,2.000000000000001,True,True,True,True,True
2022-06-01,1M,8.0,8.000449298753518,1.1755558162848525,0.22235670582360653,4.588772252420938,5.216216216216216,6.54054054054054,7.243243243243244,8.0,8.72972972972973,9.405405405405407,11.027027027027028,2.8648648648648667,1.486486486486486,1.621621621621621,1.3243243243243246,2.9459459459459456,True,True,True,True,True
2022-07-01,1M,8.0,8.000468968891692,1.1545252795294623,0.45520322743323943,5.922043759752277,5.27027027027027,6.621621621621622,7.297297297297297,7.972972972972974,8.675675675675677,9.35135135135135,11.108108108108109,2.729729729729729,1.3783783783783798,1.756756756756758,1.3513513513513518,3.1081081081081097,True,True,True,True,True
2022-08-01,1M,7.0,7.0035063238669935,1.1426698413890897,0.5917947902385967,6.402199867745397,4.324324324324325,5.648648648648649,6.297297297297297,6.972972972972974,7.648648648648649,8.324324324324325,10.18918918918919,2.6756756756756754,1.3513513513513518,1.864864864864865,1.3243243243243246,3.1891891891891895,True,True,True,True,True
2022-09-01,1M,7.0,7.003462301376396,1.1430839246646396,0.5968695576832868,6.412372290413422,4.324324324324325,5.648648648648649,6.297297297297297,6.972972972972974,7.648648648648649,8.324324324324325,10.18918918918919,2.6756756756756754,1.3513513513513518,1.864864864864865,1.3243243243243246,3.1891891891891895,True,True,True,True,True
2022-10-01,1M,6.0,6.019492612751775,1.0787742620255223,0.5047565036664793,6.070521068797675,3.5405405405405403,4.675675675675675,5.324324324324325,6.027027027027027,6.675675675675675,7.297297297297297,8.864864864864865,2.621621621621622,1.3513513513513509,1.5675675675675675,1.135135135135135,2.7027027027027026,True,True,True,True,True
2022-11-01,1M,6.5,6.503057482771018,0.9901572226138448,0.5513996396117599,6.396914151530138,4.162162162162162,5.324324324324325,5.891891891891892,6.486486486486487,7.081081081081082,7.648648648648649,9.216216216216218,2.3243243243243246,1.1891891891891895,1.5675675675675684,1.1621621621621623,2.7297297297297307,True,True,True,True,True
2022-12-01,1M,7.0,7.000194257551481,0.822782581106933,0.5127537031257272,5.963379809253169,5.054054054054054,6.027027027027027,6.513513513513514,6.972972972972974,7.45945945945946,7.9459459459459465,9.297297297297298,1.9189189189189193,0.9459459459459456,1.3513513513513518,0.9729729729729728,2.3243243243243246,True,True,True,True,True
2023-01-01,1M,7.0,7.000176563987693,0.7817570047103339,0.3676558546392649,5.541167192180876,5.108108108108109,6.081081081081081,6.54054054054054,7.0,7.4324324324324325,7.918918918918919,9.135135135135135,1.8378378378378386,0.8918918918918921,1.2162162162162158,0.9729729729729719,2.1891891891891877,True,True,True,True,True
2023-02-01,1M,7.0,7.00016990056669,0.7404178132037101,0.12617579365812798,5.013759152218674,5.135135135135135,6.108108108108109,6.5675675675675675,7.0,7.4324324324324325,7.864864864864865,8.91891891891892,1.7567567567567561,0.8648648648648649,1.0540540540540544,0.9729729729729737,2.027027027027028,True,True,True,True,True
2023-03-01,1M,7.0,7.000130916911674,0.7111675118244039,0.1065078494205949,4.977916193763005,5.1891891891891895,6.135135135135135,6.5675675675675675,7.0,7.4324324324324325,7.810810810810811,8.837837837837839,1.6756756756756763,0.8648648648648649,1.0270270270270272,0.9459459459459456,1.9729729729729728,True,True,True,True,True
2023-04-01,1M,7.0,7.0002031066015835,0.6071874841810669,0.08601836830784959,4.859894424421511,5.486486486486487,6.27027027027027,6.621621621621622,7.0,7.351351351351352,7.702702702702703,8.567567567567568,1.4324324324324325,0.7297297297297298,0.8648648648648658,0.7837837837837833,1.6486486486486491,True,True,True,True,True
2023-05-01,1M,7.0,7.000341197930064,0.5528428036176272,0.10333749230855208,4.696393651211983,5.648648648648649,6.351351351351352,6.648648648648649,7.0,7.324324324324325,7.675675675675676,8.432432432432432,1.3243243243243246,0.6756756756756754,0.7567567567567552,0.7027027027027026,1.4594594594594579,True,True,True,True,True
2023-06-01,1M,7.0,7.000458800109673,0.53603461383766,-0.0646644068695329,4.6810277914904095,5.648648648648649,6.351351351351352,6.675675675675675,7.0,7.324324324324325,7.648648648648649,8.324324324324325,1.2972972972972974,0.6486486486486491,0.6756756756756754,0.7027027027027026,1.378378378378378,True,True,True,True,True
2023-07-01,1M,7.5,7.500488490245878,0.6779508684884742,0.1496565261828278,4.753974453051884,5.837837837837839,6.7027027027027035,7.081081081081082,7.486486486486487,7.918918918918919,8.324324324324325,9.27027027027027,1.621621621621621,0.8378378378378377,0.9459459459459456,0.8648648648648649,1.8108108108108105,True,True,True,True,True
2023-08-01,1M,9.0,9.000528487053197,0.8641010898578513,-0.10097699470534474,4.113096490508715,6.837837837837839,7.9459459459459465,8.45945945945946,9.0,9.54054054054054,10.054054054054054,11.054054054054054,2.108108108108108,1.0810810810810807,1.0,1.108108108108108,2.108108108108108,True,True,True,True,True
2023-09-01,1M,11.0,11.000254504112066,0.7675454782038389,-0.0037240600175595696,5.3306607409235784,9.08108108108108,10.08108108108108,10.54054054054054,11.0,11.45945945945946,11.91891891891892,12.91891891891892,1.8378378378378386,0.9189189189189193,1.0,1.0,2.0,True,True,True,True,True
2023-10-01,1M,12.5,12.500056923694949,0.6930847021147613,0.25954355910534554,5.633158804650357,10.837837837837839,11.675675675675675,12.08108108108108,12.486486486486488,12.91891891891892,13.324324324324325,14.297297297297298,1.6486486486486491,0.8378378378378386,0.9729729729729737,0.8378378378378368,1.8108108108108105,True,True,True,True,True
2023-11-01,1M,14.0,14.00007122657136,0.7241692967594444,0.1413943129147928,5.286905970951245,12.243243243243244,13.135135135135135,13.54054054054054,14.0,14.432432432432433,14.864864864864865,15.864864864864865,1.7297297297297298,0.891891891891893,1.0,0.8918918918918912,1.8918918918918912,True,True,True,True,True
2023-12-01,1M,15.0,15.000019515304153,0.7814972376156453,0.05910620553738156,4.631195785525677,13.081081081081082,14.054054054054054,14.513513513513514,15.0,15.486486486486488,15.945945945945947,17.0,1.891891891891893,0.9729729729729737,1.0540540540540526,0.9729729729729719,2.0270270270270245,True,True,True,True,True
2024-01-01,1M,15.5,15.500005344858934,0.33404826947893684,-0.22819181521773083,4.9625383242651875,14.64864864864865,15.081081081081082,15.297297297297298,15.513513513513514,15.702702702702704,15.891891891891893,16.2972972972973,0.8108108108108105,0.40540540540540526,0.40540540540540526,0.43243243243243334,0.8378378378378386,True,True,True,True,True
2024-02-01,1M,15.5,15.500002114810792,0.2948518870732173,-0.2958443303153592,4.672290171595358,14.72972972972973,15.135135135135135,15.324324324324325,15.513513513513514,15.702702702702704,15.864864864864865,16.18918918918919,0.7297297297297298,0.37837837837837895,0.32432432432432456,0.40540540540540526,0.7297297297297298,True,True,True,True,True
2024-03-01,1M,15.5,15.49999999998002,0.29270359831983417,-0.027979988461253234,3.269782214138347,14.810810810810812,15.135135135135135,15.297297297297298,15.513513513513514,15.702702702702704,15.864864864864865,16.18918918918919,0.7297297297297298,0.40540540540540526,0.32432432432432456,0.3243243243243228,0.6486486486486474,True,True,True,True,True
2024-04-01,1M,15.5,15.499999999986743,0.300743781966592,-0.0980559640658166,3.2917521682872586,14.756756756756758,15.108108108108109,15.297297297297298,15.513513513513514,15.702702702702704,15.864864864864865,16.18918918918919,0.7567567567567561,0.40540540540540526,0.32432432432432456,0.35135135135135087,0.6756756756756754,True,True,True,True,True
2024-05-01,1M,15.5,15.49999999999944,0.4498835605621098,-0.06386411730894287,3.349787936188638,14.405405405405405,14.91891891891892,15.216216216216218,15.513513513513514,15.783783783783784,16.054054054054056,16.56756756756757,1.1351351351351369,0.5675675675675667,0.5135135135135123,0.513513513513514,1.0270270270270263,True,True,True,True,True
2024-06-01,1M,15.5,15.500000000193724,0.5229742372732561,-0.08292459204333248,3.4513282956980555,14.216216216216218,14.837837837837839,15.162162162162163,15.513513513513514,15.837837837837839,16.16216216216216,16.72972972972973,1.3243243243243228,0.6756756756756754,0.5675675675675684,0.621621621621621,1.1891891891891895,True,True,True,True,True
2024-07-01,1M,17.0,17.00000190554884,1.1891881987275412,0.04609931818910461,3.7301854110755794,14.135135135135135,15.513513513513514,16.243243243243242,17.0,17.756756756756758,18.486486486486488,19.945945945945947,2.9729729729729737,1.5135135135135158,1.4594594594594597,1.378378378378379,2.8378378378378386,True,True,True,True,True
2024-08-01,1M,19.0,19.000000000923116,0.46312491898485114,0.1076702983787191,3.310702270942376,17.945945945945947,18.432432432432435,18.7027027027027,19.0,19.2972972972973,19.594594594594597,20.135135135135137,1.1621621621621614,0.5945945945945965,0.5405405405405403,0.48648648648648773,1.027027027027028,True,True,True,True,True
2024-09-01,1M,19.0,19.000000023618686,0.6972140888220193,-0.11308748047558997,3.505193046592507,17.27027027027027,18.10810810810811,18.56756756756757,19.0,19.45945945945946,19.864864864864867,20.62162162162162,1.756756756756758,0.8918918918918912,0.7567567567567544,0.8378378378378386,1.594594594594593,True,True,True,True,True
2024-10-01,1M,20.0,20.00000003987441,0.7455085753438184,-0.007804757779935221,3.5454000755247312,18.18918918918919,19.08108108108108,19.513513513513516,20.0,20.486486486486488,20.91891891891892,21.81081081081081,1.8378378378378386,0.9729729729729719,0.8918918918918912,0.8918918918918912,1.7837837837837824,True,True,True,True,True
2024-11-01,1M,20.0,19.998055951073574,0.7786720776992297,-0.17085806346501667,4.423144934616674,18.135135135135137,19.01801801801802,19.522522522522525,19.984984984984987,20.44744744744745,20.993993993993996,21.876876876876878,1.9759759759759774,0.9249249249249232,0.8828828828828819,0.8828828828828819,1.7657657657657637,True,True,True,True,True
2024-12-01,1M,21.0,21.000001963455446,0.8878402383370453,-0.061436831180391616,3.7164756645302766,18.813813813813816,19.894894894894897,20.415415415415417,21.016016016016017,21.576576576576578,22.097097097097098,23.13813813813814,2.2022022022022014,1.1611611611611607,1.0410410410410407,1.0810810810810807,2.1221221221221214,True,True,True,True,True
2025-01-01,1M,20.0,20.00000000769219,0.7896545100665696,0.05158548679544718,3.4761677036497587,18.133133133133136,19.014014014014016,19.494494494494496,19.974974974974977,20.495495495495497,20.975975975975977,21.936936936936938,1.9619619619619613,1.0010010010010006,0.9609609609609606,0.8808808808808806,1.8418418418418412,True,True,True,True,True
2025-02-01,1M,20.0,20.000000000027697,0.6959219677402684,-0.04117326991213699,3.291115380377649,18.333333333333336,19.134134134134136,19.534534534534536,20.015015015015017,20.455455455455457,20.895895895895897,21.656656656656658,1.7617617617617611,0.9209209209209206,0.7607607607607605,0.8008008008008005,1.561561561561561,True,True,True,True,True
2025-03-01,1M,21.0,20.999999999991264,0.6215960558293583,0.045896831903868035,3.278720954394073,19.534534534534536,20.215215215215217,20.575575575575577,20.975975975975977,21.416416416416418,21.776776776776778,22.4974974974975,1.561561561561561,0.8408408408408405,0.7207207207207205,0.6806806806806804,1.401401401401401,True,True,True,True,True
2025-04-01,1M,21.0,20.999999999990266,0.6039375577252571,0.04477638511918972,3.278405381959536,19.574574574574577,20.255255255255257,20.615615615615617,21.016016016016017,21.376376376376378,21.776776776776778,22.45745745745746,1.521521521521521,0.7607607607607605,0.6806806806806804,0.6806806806806804,1.3613613613613609,True,True,True,True,True
2025-05-01,1M,21.0,20.99999999999481,0.6595589758975636,0.026426404747288697,3.2772331985060004,19.454454454454456,20.175175175175177,20.575575575575577,21.016016016016017,21.416416416416418,21.816816816816818,22.57757757757758,1.641641641641641,0.8408408408408405,0.7607607607607605,0.7207207207207205,1.481481481481481,True,True,True,True,True
2025-06-01,1M,20.0,19.999999999991264,0.5005548030272547,0.024558577733533832,3.256597043123356,18.813813813813816,19.374374374374376,19.654654654654657,20.015015015015017,20.335335335335337,20.615615615615617,21.216216216216218,1.2412412412412408,0.6806806806806804,0.6006006006006004,0.5605605605605604,1.1611611611611607,True,True,True,True,True
2025-07-01,1M,18.0,17.99999999999479,0.5329832348397033,0.12421954796794908,3.310488249789782,16.77177177177177,17.33233233233233,17.65265265265265,17.972972972972975,18.333333333333336,18.693693693693696,19.334334334334336,1.3613613613613644,0.680680680680684,0.6406406406406404,0.5605605605605604,1.2012012012012008,True,True,True,True,True
2025-08-01,1M,17.0,16.999999999995214,0.522520312878148,0.09485951754702396,3.2933337425442586,15.77077077077077,16.33133133133133,16.65165165165165,17.01201201201201,17.33233233233233,17.65265265265265,18.293293293293296,1.3213213213213209,0.6806806806806804,0.640640640640644,0.5605605605605604,1.2012012012012043,True,True,True,True,True
2025-09-01,1M,16.0,16.000000000011315,0.5674212628679293,0.015312917745839974,3.2870008516710016,14.64964964964965,15.29029029029029,15.61061061061061,16.01101101101101,16.37137137137137,16.73173173173173,17.37237237237237,1.441441441441441,0.7607607607607605,0.6406406406406404,0.6406406406406404,1.2812812812812808,True,True,True,True,True
2025-10-01,1M,16.0,16.000000000077076,0.7006487806626928,0.019739722488591252,3.304026627436586,14.32932932932933,15.13013013013013,15.53053053053053,16.01101101101101,16.45145145145145,16.89189189189189,17.69269269269269,1.7617617617617611,0.9209209209209206,0.8008008008008005,0.8008008008008005,1.601601601601601,True,True,True,True,True
2025-11-01,1M,16.0,15.99999999999925,0.5027252582702773,0.09229506137971015,3.3006516677076503,14.84984984984985,15.37037037037037,15.65065065065065,16.01101101101101,16.33133133133133,16.65165165165165,17.21221221221221,1.2812812812812808,0.6806806806806804,0.5605605605605604,0.5205205205205203,1.0810810810810807,True,True,True,True,True
2025-12-01,1M,14.0,14.000000000604908,0.5672056714917935,-0.068235567138205,3.316868615760991,12.607607607607608,13.288288288288289,13.64864864864865,14.00900900900901,14.36936936936937,14.72972972972973,15.33033033033033,1.441441441441441,0.7207207207207205,0.6006006006006004,0.6806806806806804,1.2812812812812808,True,True,True,True,True
2026-01-01,1M,14.0,14.000000000387711,0.5455101316953725,-0.05058519537514159,3.316006116599373,12.687687687687689,13.328328328328329,13.64864864864865,14.00900900900901,14.36936936936937,14.68968968968969,15.29029029029029,1.3613613613613609,0.7207207207207205,0.6006006006006004,0.6406406406406404,1.2412412412412408,True,True,True,True,True
2026-02-01,1M,14.0,14.00000000017157,0.4885461014085948,-0.11652011406888688,3.315328709755458,12.807807807807809,13.368368368368369,13.68868868868869,14.00900900900901,14.32932932932933,14.60960960960961,15.13013013013013,1.2412412412412408,0.6406406406406404,0.5205205205205203,0.5605605605605604,1.0810810810810807,True,True,True,True,True
2026-03-01,1M,14.0,14.000000000008871,0.4188862227808873,-0.03504690890902088,3.2856668766661548,13.008008008008009,13.488488488488489,13.72872872872873,14.00900900900901,14.28928928928929,14.52952952952953,14.96996996996997,1.0410410410410407,0.5605605605605604,0.4404404404404403,0.4804804804804803,0.9209209209209206,True,True,True,True,True
2019-03-01,3M,6.0,6.000001865999805,0.557149445643236,0.023852525112263837,3.5604219490259337,4.653653653653654,5.298298298298299,5.634634634634635,5.998998998998999,6.363363363363364,6.6996996996997,7.33033033033033,1.401401401401401,0.7287287287287292,0.6306306306306304,0.6446446446446448,1.2752752752752752,True,True,True,True,True
2019-04-01,3M,7.0,6.999998039573204,0.6186412537100028,0.6645284791988585,7.8568493968933275,5.5225225225225225,6.265265265265265,6.62962962962963,6.993993993993994,7.344344344344345,7.68068068068068,8.745745745745745,1.4154154154154153,0.7147147147147148,1.065065065065065,0.7427427427427427,1.8078078078078077,True,True,True,True,True
2019-05-01,3M,7.0,6.999995195538853,0.6698884039729013,1.3867973823137254,15.004541453092864,5.382382382382382,6.2792792792792795,6.643643643643644,6.993993993993994,7.316316316316316,7.666666666666667,9.026026026026026,1.3873873873873874,0.6726726726726717,1.3593593593593587,0.8968968968968971,2.256256256256256,True,True,True,True,True
2019-06-01,3M,7.0,7.000000053686485,0.6305541058834678,1.6541984601587032,14.753868394931377,5.592592592592593,6.34934934934935,6.657657657657658,6.965965965965966,7.2742742742742745,7.624624624624625,9.054054054054054,1.2752752752752752,0.6166166166166169,1.4294294294294296,0.756756756756757,2.1861861861861867,True,True,True,True,True
2019-07-01,3M,6.5,6.500140291314509,0.5313853590189231,0.7859311520736443,14.628255364977866,5.06006006006006,5.900900900900901,6.237237237237237,6.531531531531531,6.783783783783784,7.022022022022022,7.904904904904905,1.1211211211211216,0.5465465465465469,0.8828828828828827,0.8408408408408405,1.7237237237237233,True,True,True,True,True
2019-08-01,3M,6.5,6.500122039791462,0.5537049799983798,1.515607621888669,17.142297813660935,5.13013013013013,5.914914914914915,6.223223223223224,6.503503503503504,6.7557557557557555,7.008008008008008,8.227227227227228,1.0930930930930929,0.5325325325325316,1.2192192192192204,0.7847847847847849,2.0040040040040052,True,True,True,True,True
2019-09-01,3M,6.5,6.500158488306583,0.5703147670610266,1.8644565240652522,19.49612753127743,5.13013013013013,5.914914914914915,6.223223223223224,6.48948948948949,6.741741741741741,7.008008008008008,8.367367367367368,1.0930930930930929,0.5185185185185173,1.3593593593593605,0.7847847847847849,2.1441441441441453,True,True,True,True,True
2019-10-01,3M,6.0,6.00052121521938,0.5164248899477901,0.9073238661227955,15.732866919369494,4.583583583583584,5.424424424424425,5.732732732732733,6.027027027027027,6.2792792792792795,6.5175175175175175,7.344344344344345,1.0930930930930929,0.5465465465465469,0.8268268268268271,0.8408408408408405,1.6676676676676676,True,True,True,True,True
2019-11-01,3M,6.0,6.0000566947553216,0.44549007227150617,1.862419530617697,17.02911237032298,5.004004004004004,5.564564564564565,5.774774774774775,5.970970970970971,6.167167167167167,6.433433433433434,7.526526526526527,0.8688688688688693,0.39239239239239243,1.0930930930930929,0.5605605605605604,1.6536536536536532,True,True,True,True,True
2019-12-01,3M,6.0,6.000003116553617,0.37039485714656223,0.853417794905676,8.478581326451543,5.1441441441441444,5.592592592592593,5.788788788788789,5.984984984984985,6.181181181181181,6.41941941941942,7.12012012012012,0.8268268268268271,0.39239239239239154,0.7007007007007005,0.4484484484484481,1.1491491491491486,True,True,True,True,True
2020-01-01,3M,6.0,6.000000483134212,0.4030833202360844,1.0941096134123054,7.573924561034942,5.172172172172172,5.55055055055055,5.746746746746746,5.956956956956957,6.195195195195195,6.475475475475475,7.26026026026026,0.924924924924925,0.448448448448449,0.7847847847847849,0.37837837837837807,1.163163163163163,True,True,True,True,True
2020-02-01,3M,5.0,5.0007588093776825,0.36494389292773505,-0.35051987523821104,5.813560698570975,3.966966966966967,4.555555555555555,4.793793793793794,5.018018018018018,5.228228228228229,5.424424424424425,5.802802802802803,0.8688688688688693,0.43443443443443464,0.37837837837837807,0.5885885885885882,0.9669669669669663,True,True,True,True,True
2020-03-01,3M,6.0,5.999966244727034,0.7632936500453538,2.2858369645433507,21.929935756549057,4.331331331331331,5.2142142142142145,5.592592592592593,5.970970970970971,6.34934934934935,6.741741741741741,8.437437437437438,1.5275275275275266,0.756756756756757,1.6956956956956972,0.8828828828828836,2.578578578578581,True,True,True,True,True
2020-04-01,3M,5.0,5.006167785102396,0.5199310986799055,1.0360846218929685,15.193542626244463,3.6306306306306304,4.42942942942943,4.723723723723724,5.004004004004004,5.2842842842842845,5.564564564564565,6.293293293293294,1.135135135135135,0.5605605605605604,0.7287287287287292,0.7987987987987992,1.5275275275275284,True,True,True,True,True
2020-05-01,3M,4.0,4.067636834141623,0.5579143877075518,0.6097624671393901,7.2102801760799,2.6756756756756754,3.4264264264264264,3.831831831831832,4.027027027027027,4.342342342342342,4.792792792792793,5.948948948948949,1.3663663663663663,0.5105105105105103,1.1561561561561566,0.7507507507507509,1.9069069069069076,True,True,True,True,True
2020-06-01,3M,4.25,4.25163889704012,0.5428230953766546,2.0909607550232687,19.55562758114703,3.021021021021021,3.711711711711712,3.981981981981982,4.237237237237237,4.4774774774774775,4.747747747747748,6.069069069069069,1.0360360360360357,0.4954954954954953,1.3213213213213217,0.6906906906906909,2.0120120120120126,True,True,True,True,True
2020-07-01,3M,4.0,4.002132965440189,0.5471984789041167,2.549202649247564,20.29690962435604,2.885885885885886,3.4864864864864864,3.726726726726727,3.951951951951952,4.177177177177177,4.4924924924924925,5.978978978978979,1.006006006006006,0.4504504504504503,1.4864864864864868,0.6006006006006004,2.0870870870870872,True,True,True,True,True
2020-08-01,3M,4.0,4.003181569889536,0.5285744866658871,2.3966634903634723,19.37971853213479,2.885885885885886,3.5015015015015014,3.741741741741742,3.951951951951952,4.177177177177177,4.4774774774774775,5.993993993993994,0.9759759759759761,0.4354354354354353,1.5165165165165169,0.6156156156156154,2.1321321321321323,True,True,True,True,True
2020-09-01,3M,4.0,4.001698847549864,0.4693731789420836,2.2834415542491233,21.25319410076579,2.930930930930931,3.5465465465465464,3.771771771771772,3.981981981981982,4.177177177177177,4.387387387387387,5.618618618618619,0.840840840840841,0.40540540540540526,1.2312312312312317,0.6156156156156154,1.846846846846847,True,True,True,True,True
2020-10-01,3M,4.0,4.001979759732995,0.4921866090240512,2.5878072738599123,24.979594830768566,2.885885885885886,3.5165165165165164,3.771771771771772,3.996996996996997,4.192192192192192,4.402402402402402,5.693693693693694,0.885885885885886,0.42042042042042027,1.2912912912912917,0.6306306306306304,1.9219219219219221,True,True,True,True,True
2020-11-01,3M,4.0,4.001721700345506,0.4916210912023988,2.640598549560701,25.684187704090654,2.885885885885886,3.5165165165165164,3.771771771771772,3.981981981981982,4.192192192192192,4.402402402402402,5.678678678678679,0.885885885885886,0.42042042042042027,1.2762762762762767,0.6306306306306304,1.9069069069069071,True,True,True,True,True
2020-12-01,3M,4.0,4.00044062942128,0.4467271317729851,2.7551468249375306,30.067160455679165,2.915915915915916,3.5615615615615615,3.801801801801802,3.996996996996997,4.192192192192192,4.357357357357357,5.393393393393394,0.795795795795796,0.39039039039039025,1.0360360360360366,0.6456456456456454,1.681681681681682,True,True,True,True,True
2021-01-01,3M,4.0,4.001006557170161,0.5061056122667509,3.048329605291574,30.219329768239252,2.855855855855856,3.5165165165165164,3.771771771771772,3.996996996996997,4.192192192192192,4.387387387387387,5.708708708708709,0.870870870870871,0.42042042042042027,1.3213213213213217,0.6606606606606604,1.9819819819819822,True,True,True,True,True
2021-02-01,3M,4.0,4.002066421594192,0.5203434916609919,2.835288220632446,29.11016307521341,2.810810810810811,3.4864864864864864,3.756756756756757,3.996996996996997,4.222222222222222,4.4174174174174174,5.693693693693694,0.930930930930931,0.4654654654654653,1.2762762762762767,0.6756756756756754,1.9519519519519521,True,True,True,True,True
2021-03-01,3M,4.25,4.25396452711126,0.612333912440261,2.1886569625878067,22.947144614563914,2.810810810810811,3.621621621621622,3.936936936936937,4.237237237237237,4.5375375375375375,4.852852852852853,6.039039039039039,1.2312312312312308,0.6006006006006004,1.1861861861861867,0.810810810810811,1.9969969969969976,True,True,True,True,True
2021-04-01,3M,5.0,5.000917095067533,0.6998098830369078,2.418298192503462,23.797702359148552,3.3963963963963963,4.297297297297297,4.657657657657658,4.987987987987988,5.288288288288289,5.618618618618619,7.27027027027027,1.3213213213213217,0.6306306306306313,1.651651651651651,0.900900900900901,2.552552552552552,True,True,True,True,True
2021-05-01,3M,5.5,5.500140957467857,0.7213242761564997,2.4223043411666794,24.172212718309027,3.846846846846847,4.777777777777778,5.153153153153153,5.498498498498499,5.798798798798799,6.099099099099099,7.870870870870871,1.3213213213213217,0.6456456456456463,1.7717717717717711,0.9309309309309306,2.7027027027027017,True,True,True,True,True
2021-06-01,3M,5.75,5.749957303641701,0.71984599946814,1.967729998640074,20.466990832936848,4.072072072072072,5.003003003003003,5.378378378378379,5.738738738738739,6.084084084084084,6.444444444444445,7.930930930930931,1.4414414414414418,0.7057057057057055,1.486486486486486,0.9309309309309306,2.4174174174174166,True,True,True,True,True
2021-07-01,3M,6.5,6.49992733086832,0.7098342275799282,1.532209659344266,16.35487111668834,4.777777777777778,5.738738738738739,6.1441441441441444,6.504504504504505,6.81981981981982,7.135135135135135,8.741741741741741,1.396396396396396,0.6756756756756754,1.606606606606606,0.9609609609609615,2.5675675675675675,True,True,True,True,True
2021-08-01,3M,6.5,6.499981209814295,0.6778900969988112,1.0871337711078843,12.270629621172958,4.852852852852853,5.738738738738739,6.129129129129129,6.504504504504505,6.84984984984985,7.18018018018018,8.516516516516518,1.441441441441441,0.7207207207207205,1.3363363363363376,0.8858858858858865,2.222222222222224,True,True,True,True,True
2021-09-01,3M,6.5,6.500000363315679,0.6194918437024782,0.5690083669882666,7.015904370558009,5.018018018018018,5.768768768768769,6.129129129129129,6.48948948948949,6.84984984984985,7.21021021021021,8.23123123123123,1.441441441441441,0.7207207207207205,1.0210210210210207,0.7507507507507514,1.771771771771772,True,True,True,True,True
2021-10-01,3M,7.25,7.249947989943807,0.7033296649390388,0.6716895315379111,8.815670154185714,5.543543543543544,6.42942942942943,6.834834834834835,7.24024024024024,7.63063063063063,8.036036036036036,9.132132132132131,1.606606606606606,0.7957957957957955,1.0960960960960957,0.8858858858858856,1.9819819819819813,True,True,True,True,True
2021-11-01,3M,8.0,7.9994694881590265,0.7842163470901174,1.1105664846807513,11.34913053302163,6.1591591591591595,7.12012012012012,7.555555555555555,7.990990990990991,8.396396396396396,8.831831831831831,10.303303303303304,1.711711711711711,0.8408408408408405,1.4714714714714727,0.9609609609609606,2.4324324324324333,True,True,True,True,True
2021-12-01,3M,2.0,2.7083655905254065,0.635863039871635,1.388854167533759,4.742602088457876,2.015015015015015,2.09009009009009,2.225225225225225,2.5105105105105103,2.975975975975976,3.606606606606607,4.612612612612613,1.5165165165165169,0.7507507507507509,1.0060060060060056,0.07507507507507505,1.0810810810810807,True,True,True,True,True
2022-01-01,3M,8.75,8.747335806518066,0.8693633950545621,0.5148434734094474,7.165811519982936,6.63963963963964,7.7057057057057055,8.23123123123123,8.741741741741741,9.252252252252251,9.747747747747749,10.97897897897898,2.042042042042043,1.0210210210210207,1.2312312312312308,1.0660660660660657,2.2972972972972965,True,True,True,True,True
2022-02-01,3M,9.5,9.494216752593438,0.965314513307353,0.11566197375976145,4.075433401312394,7.105105105105105,8.306306306306306,8.891891891891891,9.492492492492492,10.093093093093094,10.64864864864865,11.984984984984985,2.3423423423423433,1.2012012012012026,1.3363363363363359,1.2012012012012008,2.5375375375375366,True,True,True,True,True
2022-03-01,3M,8.75,9.020062725052496,2.3648928704098724,1.362594920187752,5.241498074643359,4.6906906906906904,7.213213213213213,7.7457457457457455,8.334334334334335,9.427427427427428,12.81881881881882,16.65865865865866,5.605605605605606,1.6816816816816829,3.83983983983984,2.5225225225225225,6.362362362362362,True,True,True,True,True
2022-04-01,3M,8.0,8.102993957632512,1.9305055879348083,0.26456879025111213,3.4716716619760395,3.6486486486486487,5.72972972972973,6.918918918918919,8.0,9.243243243243244,10.621621621621621,13.135135135135135,4.891891891891891,2.3243243243243246,2.513513513513514,2.081081081081081,4.594594594594595,True,True,True,True,True
2022-05-01,3M,4.0,4.929730754684306,1.4612807469707827,1.2013554042913732,4.859345928899814,3.054054054054054,3.3513513513513513,3.810810810810811,4.594594594594595,5.675675675675675,7.0,9.18918918918919,3.6486486486486487,1.8648648648648645,2.1891891891891895,0.29729729729729737,2.486486486486487,True,True,True,True,True
2022-06-01,3M,4.0,4.868501845127883,1.313971504661688,1.0600030813619707,6.254685446547858,3.054054054054054,3.3513513513513513,3.8378378378378377,4.621621621621622,5.621621621621622,6.7027027027027035,8.486486486486488,3.351351351351352,1.7837837837837842,1.7837837837837842,0.29729729729729737,2.0810810810810816,True,True,True,True,True
2022-07-01,3M,6.5,6.613050949353967,1.7154568993672152,0.8106183218321623,6.852570464608837,3.27027027027027,4.45945945945946,5.4324324324324325,6.54054054054054,7.648648648648649,8.702702702702702,11.162162162162163,4.243243243243242,2.2162162162162167,2.4594594594594614,1.1891891891891895,3.648648648648651,True,True,True,True,True
2022-08-01,3M,5.0,5.421817581029477,1.5263696124465924,1.5117656763493357,10.977077214749915,3.081081081081081,3.6486486486486487,4.324324324324325,5.243243243243244,6.27027027027027,7.27027027027027,9.891891891891891,3.6216216216216215,1.9459459459459456,2.621621621621621,0.5675675675675675,3.1891891891891886,True,True,True,True,True
2022-09-01,3M,5.0,5.419486141210353,1.5425802182505006,1.596329039971749,11.479340063096389,3.081081081081081,3.621621621621622,4.324324324324325,5.243243243243244,6.27027027027027,7.27027027027027,10.0,3.6486486486486482,1.9459459459459456,2.72972972972973,0.5405405405405408,3.2702702702702706,True,True,True,True,True
2022-10-01,3M,4.0,4.76755656376265,1.2833857671709306,2.029021463107886,17.695920839743234,3.054054054054054,3.3513513513513513,3.810810810810811,4.5675675675675675,5.45945945945946,6.351351351351352,8.35135135135135,3.0000000000000004,1.6486486486486487,1.9999999999999991,0.29729729729729737,2.2972972972972965,True,True,True,True,True
2022-11-01,3M,5.0,5.286872506164678,1.3652010822224105,1.4285056529027884,10.85443766393432,3.081081081081081,3.6756756756756754,4.324324324324325,5.162162162162162,6.054054054054054,6.918918918918919,9.216216216216218,3.243243243243244,1.7297297297297298,2.2972972972972983,0.5945945945945943,2.8918918918918926,True,True,True,True,True
2022-12-01,3M,6.0,6.056813084633531,1.2778914568976092,0.6068949407278871,5.8082384888257685,3.3243243243243246,4.45945945945946,5.216216216216216,6.027027027027027,6.837837837837839,7.594594594594595,9.486486486486488,3.135135135135135,1.6216216216216228,1.891891891891893,1.135135135135135,3.027027027027028,True,True,True,True,True
2023-01-01,3M,6.5,6.524937111054485,1.2646819239982143,0.4636919756498362,5.401445053902428,3.621621621621622,4.945945945945946,5.72972972972973,6.513513513513514,7.297297297297297,8.0,9.91891891891892,3.0540540540540544,1.5675675675675675,1.9189189189189193,1.3243243243243237,3.243243243243243,True,True,True,True,True
2023-02-01,3M,6.5,6.520201402862682,1.2089846369902286,0.3803496436092227,5.0819860946287205,3.6756756756756754,5.027027027027027,5.756756756756757,6.513513513513514,7.243243243243244,7.9459459459459465,9.72972972972973,2.9189189189189193,1.4864864864864868,1.7837837837837833,1.3513513513513518,3.135135135135135,True,True,True,True,True
2023-03-01,3M,7.0,7.007470027010487,1.1973894775037515,0.4065502687058989,5.254391044893628,4.162162162162162,5.5675675675675675,6.27027027027027,7.0,7.702702702702703,8.405405405405405,10.27027027027027,2.8378378378378377,1.4324324324324325,1.864864864864865,1.4054054054054053,3.27027027027027,True,True,True,True,True
2023-04-01,3M,6.5,6.508551725397197,1.0131586527235523,0.254521901236806,4.564322999629462,4.054054054054054,5.27027027027027,5.891891891891892,6.513513513513514,7.108108108108109,7.702702702702703,9.162162162162161,2.4324324324324325,1.2162162162162167,1.4594594594594588,1.2162162162162158,2.6756756756756745,True,True,True,True,True
2023-05-01,3M,6.5,6.507436173312459,0.9188588253521919,0.10974517446605024,4.185023261598898,4.216216216216216,5.378378378378379,5.945945945945946,6.513513513513514,7.081081081081082,7.621621621621622,8.81081081081081,2.243243243243243,1.135135135135136,1.1891891891891886,1.1621621621621632,2.3513513513513518,True,True,True,True,True
2023-06-01,3M,7.0,7.0024959577295105,0.8988566106874916,0.21104283844168287,4.4665581630627855,4.837837837837838,5.918918918918919,6.4324324324324325,7.0,7.54054054054054,8.08108108108108,9.35135135135135,2.1621621621621614,1.108108108108108,1.2702702702702702,1.0810810810810816,2.3513513513513518,True,True,True,True,True
2023-07-01,3M,6.5,6.520391867728293,1.0877829153092633,0.14940208332359012,4.094835015075073,3.864864864864865,5.162162162162162,5.837837837837839,6.513513513513514,7.1891891891891895,7.837837837837838,9.243243243243244,2.6756756756756754,1.3513513513513509,1.4054054054054061,1.2972972972972974,2.7027027027027035,True,True,True,True,True
2023-08-01,3M,8.0,8.004584892830401,1.147557209034144,0.17045076814026386,4.895335760625355,5.162162162162162,6.621621621621622,7.297297297297297,8.0,8.702702702702702,9.378378378378379,10.891891891891891,2.756756756756757,1.4054054054054044,1.5135135135135123,1.4594594594594597,2.972972972972972,True,True,True,True,True
2023-09-01,3M,9.5,9.502114821947645,1.1701678537680313,0.24835981608533012,6.087290101138074,6.621621621621622,8.108108108108109,8.783783783783784,9.486486486486488,10.18918918918919,10.891891891891891,12.486486486486488,2.7837837837837824,1.4054054054054053,1.5945945945945965,1.4864864864864868,3.0810810810810834,True,True,True,True,True
2023-10-01,3M,11.0,11.0008832827671,1.0000476218066587,0.05052753223920508,6.503581817322428,8.45945945945946,9.81081081081081,10.405405405405407,11.0,11.594594594594595,12.18918918918919,13.486486486486488,2.378378378378379,1.1891891891891877,1.2972972972972983,1.3513513513513509,2.648648648648649,True,True,True,True,True
2023-11-01,3M,12.5,12.500706477825792,1.1377410481910253,0.014601942059153545,5.288429179877273,9.64864864864865,11.135135135135135,11.81081081081081,12.513513513513514,13.18918918918919,13.864864864864865,15.324324324324325,2.72972972972973,1.378378378378379,1.4594594594594597,1.486486486486486,2.9459459459459456,True,True,True,True,True
2023-12-01,3M,13.5,13.500284744617494,1.2304848233862937,-0.028408635029775944,4.524934265458677,10.432432432432432,12.0,12.72972972972973,13.513513513513514,14.27027027027027,15.0,16.513513513513516,3.0,1.5405405405405403,1.5135135135135158,1.5675675675675684,3.0810810810810842,True,True,True,True,True
2024-01-01,3M,15.0,15.000019742049826,0.8561407114260915,0.07939483205553147,4.364974346270609,12.91891891891892,13.972972972972974,14.45945945945946,15.0,15.54054054054054,16.054054054054056,17.16216216216216,2.0810810810810825,1.0810810810810807,1.1081081081081052,1.0540540540540544,2.1621621621621596,True,True,True,True,True
2024-02-01,3M,15.0,15.000007834354822,0.5529078610821531,-0.04146115351937422,4.361101806289189,13.621621621621623,14.324324324324325,14.64864864864865,15.0,15.351351351351353,15.675675675675677,16.351351351351354,1.3513513513513526,0.7027027027027035,0.6756756756756772,0.7027027027027017,1.378378378378379,True,True,True,True,True
2024-03-01,3M,15.0,15.000017889511613,0.6566148523955996,-0.11670016276959357,4.430605625702773,13.351351351351353,14.18918918918919,14.594594594594595,15.0,15.405405405405405,15.810810810810812,16.594594594594597,1.6216216216216228,0.8108108108108105,0.7837837837837842,0.8378378378378368,1.621621621621621,True,True,True,True,True
2024-04-01,3M,15.5,15.50001517018557,0.7575980145695199,0.043022527158909626,4.314287024262868,13.64864864864865,14.567567567567568,15.027027027027028,15.486486486486488,15.972972972972974,16.432432432432435,17.405405405405407,1.8648648648648667,0.9459459459459456,0.9729729729729719,0.9189189189189193,1.8918918918918912,True,True,True,True,True
2024-05-01,3M,15.0,15.000117741711035,1.1838742963524171,0.013491239634733612,4.380982023020746,12.08108108108108,13.567567567567568,14.27027027027027,15.0,15.72972972972973,16.432432432432435,17.945945945945947,2.8648648648648667,1.4594594594594597,1.5135135135135123,1.4864864864864877,3.0,True,True,True,True,True
2024-06-01,3M,15.0,15.000986423555615,1.8923013506955628,0.06777499672465875,4.497302086687831,10.324324324324325,12.702702702702704,13.837837837837839,15.0,16.16216216216216,17.2972972972973,19.756756756756758,4.594594594594595,2.324324324324323,2.4594594594594597,2.378378378378379,4.837837837837839,True,True,True,True,True
2024-07-01,3M,16.5,16.501364380152417,1.8466831944084197,-0.035581488330283136,4.7842537745291525,11.81081081081081,14.27027027027027,15.378378378378379,16.513513513513516,17.62162162162162,18.7027027027027,21.10810810810811,4.432432432432432,2.243243243243242,2.405405405405407,2.4594594594594597,4.864864864864867,True,True,True,True,True
2024-08-01,3M,19.0,19.00014933251996,1.7401604761787928,0.03003597412002845,4.406986095703813,14.72972972972973,16.891891891891895,17.91891891891892,19.0,20.054054054054056,21.10810810810811,23.432432432432435,4.216216216216214,2.135135135135137,2.3243243243243263,2.162162162162165,4.486486486486491,True,True,True,True,True
2024-09-01,3M,20.0,20.00037748744869,1.5560099390155533,-0.13384825843990497,4.784173021435215,16.027027027027028,18.135135135135137,19.054054054054056,20.0,20.945945945945947,21.864864864864867,23.83783783783784,3.72972972972973,1.8918918918918912,1.972972972972972,2.108108108108109,4.081081081081081,True,True,True,True,True
2024-10-01,3M,20.0,19.999897148957807,1.6704417386452108,-0.11252671975182864,4.968783259528191,15.72972972972973,18.0,19.0,20.0,21.027027027027028,22.0,24.162162162162165,4.0,2.027027027027028,2.162162162162165,2.27027027027027,4.432432432432435,True,True,True,True,True
2024-11-01,3M,23.0,23.190463442596506,2.289587265596238,-0.9883762445180142,10.794157525847279,16.32732732732733,21.162162162162165,21.91891891891892,23.18018018018018,23.97897897897898,26.333333333333336,28.183183183183186,5.171171171171171,2.06006006006006,1.84984984984985,4.834834834834837,6.684684684684687,True,True,True,True,True
2024-12-01,3M,21.0,21.00261877068092,2.169094621368951,0.02211684969670993,5.244183773572545,15.53053053053053,18.413413413413416,19.694694694694697,21.016016016016017,22.33733733733734,23.57857857857858,26.42142142142142,5.165165165165163,2.6426426426426417,2.842842842842842,2.8828828828828854,5.725725725725727,True,True,True,True,True
2025-01-01,3M,17.0,17.001967583939525,2.154851739896406,0.05763354807434304,4.44068836318496,11.646646646646648,14.36936936936937,15.65065065065065,17.01201201201201,18.333333333333336,19.614614614614617,22.37737737737738,5.245245245245247,2.6826826826826853,2.762762762762762,2.7227227227227218,5.4854854854854835,True,True,True,True,True
2025-02-01,3M,18.0,18.000223543810353,2.084842739913954,0.04545694380957266,3.765326772021891,12.967967967967969,15.41041041041041,16.65165165165165,17.972972972972975,19.334334334334336,20.575575575575577,23.13813813813814,5.165165165165167,2.6826826826826853,2.5625625625625617,2.4424424424424416,5.005005005005003,True,True,True,True,True
2025-03-01,3M,19.0,19.000063997490486,1.9598905872801509,-0.004861466571866149,3.630442710500112,14.24924924924925,16.57157157157157,17.73273273273273,19.014014014014016,20.255255255255257,21.456456456456458,23.73873873873874,4.884884884884887,2.522522522522525,2.2822822822822815,2.3223223223223215,4.604604604604603,True,True,True,True,True
2025-04-01,3M,19.0,19.000074672668983,1.925747151988876,-0.046519477541858686,3.6423934602121073,14.28928928928929,16.61161161161161,17.772772772772772,19.014014014014016,20.255255255255257,21.376376376376378,23.61861861861862,4.764764764764767,2.482482482482485,2.2422422422422414,2.3223223223223215,4.564564564564563,True,True,True,True,True
2025-05-01,3M,19.0,19.00005889632601,2.0026519537446905,0.028088013865471984,3.620741240256701,14.16916916916917,16.49149149149149,17.69269269269269,18.973973973973976,20.295295295295297,21.496496496496498,23.8988988988989,5.005005005005007,2.6026026026026052,2.4024024024024015,2.3223223223223215,4.724724724724723,True,True,True,True,True
2025-06-01,3M,18.0,18.00003876597138,1.7439723087185799,-0.007251310581260184,3.6010879236663933,13.76876876876877,15.81081081081081,16.89189189189189,18.013013013013015,19.134134134134136,20.175175175175177,22.217217217217218,4.364364364364366,2.242242242242245,2.0420420420420413,2.0420420420420413,4.084084084084083,True,True,True,True,True
2025-07-01,3M,14.0,14.000504887143576,1.6676888754482735,-0.034641472077244835,3.605761234366179,9.924924924924925,11.926926926926928,12.927927927927929,14.00900900900901,15.09009009009009,16.09109109109109,18.013013013013015,4.164164164164163,2.1621621621621614,1.9219219219219248,2.002002002002003,3.923923923923928,True,True,True,True,True
2025-08-01,3M,13.0,13.0002688286859,1.498312683457556,0.11040101721332206,3.7225174437202933,9.444444444444445,11.166166166166166,12.047047047047048,12.967967967967969,13.92892892892893,14.88988988988989,16.73173173173173,3.723723723723724,1.8818818818818812,1.8418418418418412,1.721721721721721,3.5635635635635623,True,True,True,True,True
2025-09-01,3M,13.0,13.000531193962189,1.5215000848001585,0.010822536520146616,3.6804876961908493,9.284284284284285,11.126126126126126,12.047047047047048,13.008008008008009,13.96896896896897,14.88988988988989,16.69169169169169,3.763763763763764,1.9219219219219212,1.8018018018018012,1.8418418418418412,3.6436436436436423,True,True,True,True,True
2025-10-01,3M,14.0,14.000294853993683,1.6312557397101424,0.08061702993243991,3.7318457447776936,10.085085085085085,11.966966966966968,12.967967967967969,13.96896896896897,15.05005005005005,16.05105105105105,18.053053053053056,4.084084084084083,2.0820820820820813,2.002002002002005,1.881881881881883,3.883883883883888,True,True,True,True,True
2025-11-01,3M,13.0,13.000369145759652,1.4518539918672257,0.05338094068719569,3.7681644916535446,9.484484484484485,11.206206206206206,12.087087087087088,13.008008008008009,13.92892892892893,14.80980980980981,16.57157157157157,3.603603603603604,1.8418418418418412,1.7617617617617611,1.721721721721721,3.4834834834834822,True,True,True,True,True
2025-12-01,3M,11.0,11.002634548313024,1.2832249577839279,-0.0895085720940704,3.836460376537692,7.762762762762763,9.404404404404405,10.205205205205205,11.006006006006006,11.806806806806808,12.567567567567568,14.04904904904905,3.163163163163164,1.6016016016016028,1.481481481481481,1.641641641641642,3.123123123123123,True,True,True,True,True
2026-01-01,3M,11.0,11.00179582147685,1.2256351208602716,-0.06775253516571916,3.888599393390081,7.922922922922923,9.484484484484485,10.245245245245245,11.006006006006006,11.766766766766768,12.487487487487488,13.92892892892893,3.0030030030030037,1.5215215215215228,1.441441441441441,1.561561561561562,3.003003003003003,True,True,True,True,True
2026-02-01,3M,11.0,11.002090794321148,1.302467298632035,-0.0485586494792553,3.7322783105231343,7.762762762762763,9.404404404404405,10.165165165165165,11.006006006006006,11.846846846846848,12.607607607607608,14.12912912912913,3.203203203203204,1.6816816816816829,1.521521521521521,1.641641641641642,3.163163163163163,True,True,True,True,True
2026-03-01,3M,12.0,12.000549186759159,1.3590983463154094,0.1107234021060601,3.8604240555524294,8.763763763763764,10.325325325325325,11.126126126126126,11.966966966966968,12.847847847847849,13.68868868868869,15.41041041041041,3.363363363363364,1.7217217217217229,1.721721721721721,1.561561561561561,3.283283283283282,True,True,True,True,True
2019-03-01,6M,5.0,5.020776856614393,0.8021137190324261,0.27981690464114606,4.5367029799727305,3.2382382382382384,3.980980980980981,4.485485485485485,5.018018018018018,5.536536536536536,6.013013013013013,6.951951951951951,2.0320320320320318,1.0510510510510507,0.9389389389389384,0.7427427427427427,1.681681681681681,True,True,True,True,True
2019-04-01,6M,6.0,6.0043071138695,0.9308519958633509,0.7116182711661757,8.583225332363059,3.8128128128128127,4.877877877877878,5.438438438438439,6.013013013013013,6.55955955955956,7.064064064064064,8.423423423423422,2.1861861861861867,1.1211211211211207,1.3593593593593578,1.065065065065065,2.424424424424423,True,True,True,True,True
2019-05-01,6M,6.5,6.500070376786038,1.0380267488887653,1.6403261881994704,14.436375337558363,4.163163163163163,5.368368368368369,5.928928928928929,6.475475475475475,6.97997997997998,7.526526526526527,9.74074074074074,2.158158158158158,1.0510510510510507,2.2142142142142136,1.205205205205206,3.4194194194194196,True,True,True,True,True
2019-06-01,6M,6.0,6.007907493340458,0.9352948382079802,1.3358828769286208,14.005114249376335,3.798798798798799,4.933933933933934,5.48048048048048,6.013013013013013,6.503503503503504,6.965965965965966,8.647647647647648,2.0320320320320313,1.0230230230230237,1.6816816816816829,1.1351351351351355,2.8168168168168184,True,True,True,True,True
2019-07-01,6M,6.0,6.007168056146786,0.8882647100867034,1.657941029026116,17.590034165839114,3.868868868868869,5.018018018018018,5.536536536536536,6.027027027027027,6.461461461461461,6.867867867867868,8.591591591591591,1.84984984984985,0.924924924924925,1.7237237237237233,1.149149149149149,2.8728728728728723,True,True,True,True,True
2019-08-01,6M,6.0,6.007258503771791,0.9313748128018561,1.905042289759704,18.21781528513278,3.854854854854855,4.98998998998999,5.5225225225225225,5.998998998998999,6.4474474474474475,6.881881881881881,8.8998998998999,1.8918918918918912,0.924924924924925,2.0180180180180187,1.135135135135135,3.153153153153154,True,True,True,True,True
2019-09-01,6M,6.0,6.007228592737875,0.9488290636384192,2.2180972420109244,20.276720696217893,3.868868868868869,5.004004004004004,5.5225225225225225,5.998998998998999,6.41941941941942,6.83983983983984,9.11011011011011,1.8358358358358355,0.8968968968968971,2.27027027027027,1.1351351351351355,3.4054054054054057,True,True,True,True,True
2019-10-01,6M,6.0,6.0032434459367385,0.8962033885371188,2.4632640751135,19.891186661703035,4.135135135135135,5.13013013013013,5.55055055055055,5.942942942942943,6.335335335335335,6.797797797797798,9.166166166166166,1.6676676676676676,0.7847847847847849,2.368368368368368,0.994994994994995,3.363363363363363,True,True,True,True,True
2019-11-01,6M,6.0,6.001156537756827,0.8161145513862671,2.4347618651471423,17.659937931996918,4.415415415415415,5.242242242242242,5.578578578578579,5.914914914914915,6.251251251251251,6.811811811811811,8.96996996996997,1.5695695695695688,0.6726726726726717,2.158158158158159,0.8268268268268271,2.984984984984986,True,True,True,True,True
2019-12-01,6M,6.0,6.000177528382658,0.6686185423841328,1.3531624586321844,9.603091924873175,4.597597597597598,5.298298298298299,5.606606606606606,5.942942942942943,6.293293293293294,6.76976976976977,8.17117117117117,1.471471471471471,0.6866866866866879,1.401401401401401,0.7007007007007013,2.1021021021021022,True,True,True,True,True
2020-01-01,6M,5.0,5.005314649791336,0.6046585912354714,0.4276530264596349,5.973655666689183,3.5465465465465464,4.275275275275275,4.63963963963964,5.004004004004004,5.368368368368369,5.718718718718719,6.601601601601601,1.443443443443444,0.7287287287287292,0.8828828828828819,0.7287287287287287,1.6116116116116106,True,True,True,True,True
2020-02-01,6M,5.0,5.005478743453208,0.5840599325786371,1.2637227220522222,12.797003498053709,3.6166166166166165,4.35935935935936,4.667667667667668,4.98998998998999,5.298298298298299,5.648648648648649,6.6996996996997,1.2892892892892895,0.6306306306306313,1.0510510510510507,0.7427427427427431,1.7937937937937938,True,True,True,True,True
2020-03-01,6M,5.0,5.041674482197699,0.949640706636198,1.8211441591471884,18.427008924491208,3.1821821821821823,3.910910910910911,4.443443443443443,5.018018018018018,5.578578578578579,6.097097097097097,7.358358358358358,2.186186186186186,1.135135135135136,1.2612612612612608,0.7287287287287287,1.9899899899899895,True,True,True,True,True
2020-04-01,6M,5.0,5.020339045068285,0.8248199779499124,2.8086736464617843,24.805114392383445,3.3643643643643646,4.191191191191191,4.583583583583584,4.961961961961962,5.354354354354355,5.802802802802803,7.68068068068068,1.611611611611612,0.7707707707707705,1.8778778778778777,0.8268268268268262,2.704704704704704,True,True,True,True,True
2020-05-01,6M,4.0,4.349059323950094,0.8608925954743423,0.8148261760920009,6.551477320618945,2.5555555555555554,3.3813813813813813,3.831831831831832,4.087087087087087,4.957957957957958,5.468468468468469,6.2342342342342345,2.0870870870870877,1.1261261261261257,0.7657657657657655,0.825825825825826,1.5915915915915915,True,True,True,True,True
2020-06-01,6M,3.5,3.5517880711712144,0.6895654124580018,2.6279428776047653,26.664986594353632,2.165165165165165,2.7807807807807805,3.171171171171171,3.5465465465465464,3.891891891891892,4.207207207207207,5.633633633633634,1.4264264264264268,0.7207207207207209,1.4264264264264268,0.6156156156156154,2.042042042042042,True,True,True,True,True
2020-07-01,6M,3.5,3.5446129618418594,0.6855897626661165,2.748650610225937,26.70310472891095,2.18018018018018,2.810810810810811,3.171171171171171,3.5315315315315314,3.861861861861862,4.162162162162162,5.723723723723724,1.3513513513513513,0.6906906906906909,1.561561561561562,0.6306306306306309,2.1921921921921927,True,True,True,True,True
2020-08-01,6M,3.5,3.5522226181711782,0.6677401609811847,2.1194357233142136,21.583529201176095,2.18018018018018,2.7807807807807805,3.171171171171171,3.5615615615615615,3.891891891891892,4.192192192192192,5.528528528528529,1.4114114114114118,0.7207207207207209,1.3363363363363367,0.6006006006006004,1.9369369369369371,True,True,True,True,True
2020-09-01,6M,4.0,4.01038968013933,0.6972085813529284,2.721843726560358,24.034445167771512,2.5555555555555554,3.3213213213213213,3.666666666666667,3.981981981981982,4.282282282282282,4.597597597597598,6.42942942942943,1.2762762762762763,0.6156156156156154,1.831831831831832,0.7657657657657659,2.597597597597598,True,True,True,True,True
2020-10-01,6M,4.0,4.011375534966585,0.7624774616655957,3.306665441292065,28.597036804288088,2.5255255255255253,3.2912912912912913,3.636636636636637,3.966966966966967,4.282282282282282,4.612612612612613,6.744744744744745,1.3213213213213213,0.6456456456456454,2.1321321321321323,0.7657657657657659,2.897897897897898,True,True,True,True,True
2020-11-01,6M,3.5,3.5431720235425397,0.655777224740327,3.090334943358311,35.15427184669822,2.18018018018018,2.810810810810811,3.186186186186186,3.5465465465465464,3.876876876876877,4.162162162162162,5.228228228228229,1.3513513513513513,0.6906906906906909,1.0660660660660666,0.6306306306306309,1.6966966966966974,True,True,True,True,True
2020-12-01,6M,4.0,4.003585449187075,0.7313852733809708,3.832390362207753,33.203067455054686,2.6006006006006004,3.3513513513513513,3.666666666666667,3.966966966966967,4.237237237237237,4.5225225225225225,6.72972972972973,1.1711711711711712,0.5705705705705704,2.2072072072072073,0.7507507507507509,2.9579579579579582,True,True,True,True,True
2021-01-01,6M,4.0,4.006225799505682,0.7899366628434124,3.843734334450833,33.93287167318488,2.4954954954954953,3.2912912912912913,3.636636636636637,3.966966966966967,4.267267267267267,4.5825825825825826,6.864864864864865,1.2912912912912913,0.6306306306306304,2.2822822822822824,0.795795795795796,3.0780780780780783,True,True,True,True,True
2021-02-01,6M,4.0,4.011242315706079,0.7965556729772845,3.6191656988956016,33.214429215195125,2.4504504504504503,3.2462462462462462,3.621621621621622,3.981981981981982,4.312312312312312,4.627627627627628,6.72972972972973,1.3813813813813813,0.6906906906906904,2.1021021021021022,0.795795795795796,2.897897897897898,True,True,True,True,True
2021-03-01,6M,4.0,4.035153218702837,0.8512005391832704,2.9290967743737966,30.455476707012295,2.285285285285285,3.111111111111111,3.5765765765765765,4.027027027027027,4.4324324324324325,4.837837837837838,6.2492492492492495,1.7267267267267266,0.855855855855856,1.4114114114114118,0.825825825825826,2.2372372372372378,True,True,True,True,True
2021-04-01,6M,5.0,5.004535989022172,1.0116701884223185,2.7676587994091992,25.52684453588209,2.825825825825826,3.966966966966967,4.4924924924924925,4.987987987987988,5.438438438438439,5.873873873873874,8.246246246246246,1.9069069069069071,0.9459459459459465,2.3723723723723715,1.1411411411411412,3.5135135135135127,True,True,True,True,True
2021-05-01,6M,5.5,5.4979488807884165,1.0361077275592345,2.587846624961981,23.665249305805204,3.2312312312312312,4.4324324324324325,4.987987987987988,5.483483483483484,5.948948948948949,6.384384384384385,8.861861861861861,1.9519519519519521,0.9609609609609615,2.4774774774774766,1.2012012012012012,3.678678678678678,True,True,True,True,True
2021-06-01,6M,5.75,5.74669522660465,1.0209030915635915,2.2470907323610816,21.24169772477997,3.4414414414414414,4.672672672672673,5.228228228228229,5.738738738738739,6.2192192192192195,6.66966966966967,8.906906906906908,1.9969969969969972,0.9909909909909906,2.237237237237238,1.2312312312312312,3.4684684684684695,True,True,True,True,True
2021-07-01,6M,6.5,6.49662835093193,1.0249278442996992,1.5222792992163554,14.520277665275618,4.087087087087087,5.378378378378379,5.963963963963964,6.504504504504505,6.984984984984985,7.45045045045045,9.732732732732732,2.0720720720720713,1.0210210210210207,2.2822822822822815,1.2912912912912917,3.573573573573573,True,True,True,True,True
2021-08-01,6M,6.0,6.000178434928399,0.9663089020588495,0.9398164194537818,11.172638824707207,3.651651651651652,4.867867867867868,5.453453453453454,6.024024024024024,6.534534534534535,7.015015015015015,8.696696696696698,2.1471471471471473,1.0810810810810807,1.6816816816816829,1.2162162162162158,2.8978978978978986,True,True,True,True,True
2021-09-01,6M,6.0,6.000184990254884,0.8862851600586555,0.5633378485946372,6.97986703828283,3.906906906906907,4.942942942942943,5.453453453453454,5.993993993993994,6.504504504504505,7.015015015015015,8.411411411411411,2.0720720720720722,1.0510510510510507,1.396396396396396,1.0360360360360357,2.4324324324324316,True,True,True,True,True
2021-10-01,6M,6.5,6.499167488984039,0.9482616053444005,0.5034852206471144,7.95519287095504,4.147147147147147,5.348348348348349,5.933933933933934,6.51951951951952,7.06006006006006,7.57057057057057,8.891891891891891,2.2222222222222214,1.1261261261261257,1.3213213213213209,1.2012012012012017,2.5225225225225225,True,True,True,True,True
2021-11-01,6M,7.75,7.742837481200122,1.0263625239214798,0.8047384989889181,8.389619905671832,5.318318318318319,6.54954954954955,7.135135135135135,7.7357357357357355,8.306306306306306,8.861861861861861,10.70870870870871,2.3123123123123115,1.1711711711711708,1.846846846846848,1.2312312312312308,3.0780780780780788,True,True,True,True,True
2021-12-01,6M,7.75,7.737888646820814,1.1052630537912236,0.4897128666164304,6.28004025879021,5.063063063063063,6.414414414414415,7.075075075075075,7.7507507507507505,8.381381381381381,8.966966966966968,10.813813813813814,2.5525525525525534,1.3063063063063058,1.8468468468468462,1.3513513513513518,3.198198198198198,True,True,True,True,True
2022-01-01,6M,8.0,7.9904875756785065,1.0948521506638786,0.2639739985866435,4.685444344664998,5.408408408408409,6.624624624624625,7.285285285285285,8.006006006006006,8.666666666666668,9.297297297297298,10.73873873873874,2.6726726726726735,1.3813813813813827,1.441441441441441,1.2162162162162158,2.6576576576576567,True,True,True,True,True
2022-02-01,6M,9.0,8.988910533593808,1.2089408461288857,0.20702404725452964,4.195300511355697,6.1591591591591595,7.465465465465465,8.23123123123123,8.996996996996998,9.732732732732732,10.408408408408409,12.255255255255255,2.9429429429429437,1.501501501501501,1.8468468468468462,1.3063063063063058,3.153153153153152,True,True,True,True,True
2022-04-01,6M,5.0,5.831508988429237,1.7435971847315106,1.158243524449809,4.483430506150487,3.189189189189189,3.972972972972973,4.621621621621622,5.4324324324324325,6.675675675675675,8.297297297297298,11.243243243243244,4.3243243243243255,2.0540540540540535,2.9459459459459456,0.7837837837837838,3.7297297297297294,True,True,True,True,True
2022-05-01,6M,4.0,4.897829589035591,1.7775312875415035,1.6582599296137248,5.619811823086622,3.027027027027027,3.2972972972972974,3.6756756756756754,4.351351351351351,5.324324324324325,7.675675675675676,10.54054054054054,4.378378378378379,1.6486486486486491,2.864864864864864,0.2702702702702702,3.135135135135134,True,True,True,True,True
2022-06-01,6M,3.0,4.673948970204972,1.5729176186997567,2.7009312505780754,25.15862155364496,3.027027027027027,3.2162162162162162,3.5405405405405403,4.216216216216216,5.324324324324325,6.756756756756757,9.216216216216218,3.540540540540541,1.7837837837837842,2.4594594594594605,0.18918918918918903,2.6486486486486496,True,True,True,True,True
2022-07-01,6M,3.0,4.825937465936089,1.5230483247972755,2.4325927923094213,21.773159895004557,3.027027027027027,3.27027027027027,3.7027027027027026,4.486486486486487,5.5675675675675675,6.72972972972973,9.243243243243244,3.4594594594594597,1.864864864864865,2.513513513513514,0.24324324324324298,2.756756756756757,True,True,True,True,True
2022-08-01,6M,3.0,4.8645682386463935,1.7018892051290322,3.2473370047727492,28.163005524049563,3.027027027027027,3.27027027027027,3.7027027027027026,4.486486486486487,5.54054054054054,6.756756756756757,10.18918918918919,3.486486486486487,1.8378378378378377,3.4324324324324325,0.24324324324324298,3.6756756756756754,True,True,True,True,True
2022-09-01,6M,3.0,4.857453350460549,1.6719937280164558,3.172688738705708,27.91631047239545,3.027027027027027,3.27027027027027,3.7027027027027026,4.486486486486487,5.54054054054054,6.72972972972973,10.0,3.4594594594594597,1.8378378378378377,3.27027027027027,0.24324324324324298,3.513513513513513,True,True,True,True,True
2022-10-01,6M,3.0,4.775239189235185,1.7347319626815196,4.054021350011726,38.58813925251775,3.027027027027027,3.2432432432432434,3.6486486486486487,4.378378378378379,5.405405405405405,6.5675675675675675,10.108108108108109,3.324324324324324,1.7567567567567566,3.5405405405405412,0.21621621621621623,3.7567567567567575,True,True,True,True,True
2022-11-01,6M,3.0,4.592827459473326,1.3945472829814207,3.222114472187149,32.699047046606516,3.027027027027027,3.2432432432432434,3.5945945945945947,4.27027027027027,5.216216216216216,6.216216216216216,8.567567567567568,2.9729729729729724,1.621621621621621,2.3513513513513526,0.21621621621621623,2.567567567567569,True,True,True,True,True
2022-12-01,6M,5.0,5.419144776984951,1.4994266984574998,1.337439103909173,9.405636030456568,3.081081081081081,3.6486486486486487,4.324324324324325,5.27027027027027,6.27027027027027,7.27027027027027,9.72972972972973,3.6216216216216215,1.9459459459459456,2.4594594594594597,0.5675675675675675,3.027027027027027,True,True,True,True,True
2023-01-01,6M,6.0,6.165216572306753,1.641495435225733,1.0707585329785727,7.489356120947045,3.189189189189189,4.162162162162162,5.054054054054054,6.054054054054054,7.081081081081082,8.108108108108109,10.945945945945947,3.9459459459459465,2.027027027027027,2.8378378378378386,0.9729729729729732,3.810810810810812,True,True,True,True,True
2023-02-01,6M,6.0,6.149119602587371,1.5560177279999323,0.8534856797877631,6.326961577046536,3.2162162162162162,4.216216216216216,5.081081081081081,6.081081081081081,7.054054054054054,8.027027027027028,10.513513513513514,3.8108108108108123,1.9729729729729737,2.486486486486486,0.9999999999999996,3.4864864864864855,True,True,True,True,True
2023-03-01,6M,6.5,6.584790024531993,1.5670617482475133,0.6577653040643953,5.528407327174897,3.3513513513513513,4.621621621621622,5.54054054054054,6.54054054054054,7.513513513513514,8.45945945945946,10.91891891891892,3.8378378378378377,1.9729729729729737,2.4594594594594597,1.2702702702702706,3.7297297297297303,True,True,True,True,True
2023-04-01,6M,6.0,6.086169059509398,1.3366731594340007,0.4833091031354502,4.44271915881034,3.2972972972972974,4.405405405405405,5.1891891891891895,6.054054054054054,6.918918918918919,7.72972972972973,9.621621621621621,3.3243243243243246,1.7297297297297298,1.8918918918918912,1.108108108108108,2.999999999999999,True,True,True,True,True
2023-05-01,6M,6.0,6.059066911690027,1.241756280134369,0.4254285350298729,4.157286730492823,3.3783783783783785,4.513513513513514,5.243243243243244,6.027027027027027,6.8108108108108105,7.594594594594595,9.324324324324325,3.0810810810810807,1.5675675675675667,1.7297297297297298,1.1351351351351355,2.8648648648648654,True,True,True,True,True
2023-06-01,6M,6.0,6.057809398760048,1.197215886995789,0.3184704211971257,3.9079686554374518,3.4054054054054053,4.54054054054054,5.27027027027027,6.027027027027027,6.8108108108108105,7.54054054054054,9.108108108108109,3.0,1.5405405405405403,1.5675675675675684,1.135135135135135,2.7027027027027035,True,True,True,True,True
2023-07-01,6M,6.0,6.100820402970932,1.4071676611544561,0.6157973537752552,4.818004822531374,3.27027027027027,4.351351351351351,5.135135135135135,6.027027027027027,6.945945945945946,7.864864864864865,9.891891891891891,3.513513513513514,1.8108108108108105,2.0270270270270263,1.0810810810810807,3.108108108108107,True,True,True,True,True
2023-08-01,6M,6.0,6.082154433131742,1.3533501983632348,0.732788365817212,6.4659214186563645,3.3243243243243246,4.4324324324324325,5.1891891891891895,6.027027027027027,6.891891891891892,7.756756756756757,9.756756756756758,3.3243243243243246,1.7027027027027026,2.000000000000001,1.108108108108108,3.108108108108109,True,True,True,True,True
2023-09-01,6M,7.5,7.529510521273517,1.4275073638834506,0.4118677620082859,6.2746312445525,4.081081081081081,5.783783783783784,6.648648648648649,7.513513513513514,8.378378378378379,9.243243243243244,11.216216216216218,3.4594594594594597,1.7297297297297298,1.9729729729729737,1.7027027027027035,3.675675675675677,True,True,True,True,True
2023-10-01,6M,9.5,9.503259898695497,1.211983068541149,0.27301068107307763,7.424890757230063,6.45945945945946,8.08108108108108,8.783783783783784,9.486486486486488,10.216216216216218,10.91891891891892,12.594594594594595,2.8378378378378386,1.4324324324324333,1.6756756756756754,1.621621621621621,3.2972972972972965,True,True,True,True,True
2023-11-01,6M,10.0,10.00637656153402,1.4750185784039287,0.09969329699954227,5.235677521346447,6.243243243243244,8.216216216216218,9.108108108108109,10.027027027027028,10.891891891891891,11.756756756756758,13.675675675675675,3.5405405405405403,1.7837837837837824,1.9189189189189175,1.9729729729729737,3.891891891891891,True,True,True,True,True
2023-12-01,6M,9.0,9.021459792038945,1.789657804972443,0.1832267206884923,4.246725853746869,4.675675675675675,6.8108108108108105,7.891891891891892,9.0,10.135135135135135,11.216216216216218,13.54054054054054,4.405405405405407,2.243243243243243,2.324324324324323,2.135135135135135,4.459459459459458,True,True,True,True,True
2024-01-01,6M,10.0,10.0074152034117,1.6895668372264867,0.04422710545682879,4.108311679300388,5.783783783783784,7.918918918918919,8.945945945945947,10.027027027027028,11.054054054054054,12.054054054054054,14.162162162162163,4.135135135135135,2.108108108108107,2.108108108108109,2.135135135135135,4.243243243243244,True,True,True,True,True
2024-02-01,6M,9.5,9.509566238563714,1.6825928967295702,0.09347923616946628,4.098965816602631,5.351351351351351,7.4324324324324325,8.45945945945946,9.513513513513514,10.567567567567568,11.567567567567568,13.702702702702704,4.135135135135136,2.108108108108109,2.135135135135135,2.0810810810810816,4.216216216216217,True,True,True,True,True
2024-03-01,6M,10.5,10.510131320104893,1.896632689720195,0.059489936782893243,4.021872937729179,5.783783783783784,8.162162162162161,9.324324324324325,10.513513513513514,11.702702702702704,12.837837837837839,15.18918918918919,4.675675675675677,2.378378378378379,2.351351351351351,2.378378378378377,4.729729729729728,True,True,True,True,True
2024-04-01,6M,11.5,11.507898221521241,2.09333872566591,0.12035684180953406,4.091608765631437,6.378378378378379,8.945945945945947,10.18918918918919,11.486486486486488,12.81081081081081,14.081081081081082,16.783783783783782,5.135135135135135,2.621621621621621,2.7027027027027,2.5675675675675684,5.270270270270268,True,True,True,True,True
2024-05-01,6M,11.5,11.512800768229045,2.243703301442356,0.17338167313120442,4.214914829391602,6.027027027027027,8.783783783783784,10.108108108108109,11.486486486486488,12.891891891891893,14.243243243243244,17.216216216216218,5.45945945945946,2.783783783783784,2.9729729729729737,2.756756756756757,5.729729729729731,True,True,True,True,True
2024-06-01,6M,13.5,13.506117145637333,2.323978456229402,0.08745938722252501,4.2668950296677925,7.72972972972973,10.675675675675677,12.08108108108108,13.486486486486488,14.91891891891892,16.324324324324323,19.35135135135135,5.648648648648646,2.8378378378378386,3.027027027027028,2.9459459459459474,5.9729729729729755,True,True,True,True,True
2024-07-01,6M,15.0,15.006183842620999,2.4599738101252266,0.01604589992100313,4.361570965360576,8.756756756756758,12.027027027027028,13.513513513513514,15.027027027027028,16.513513513513516,17.972972972972975,21.16216216216216,5.945945945945947,3.0000000000000018,3.189189189189186,3.27027027027027,6.459459459459456,True,True,True,True,True
2024-08-01,6M,18.0,17.99965239253664,2.484112209433655,-0.07076390951115934,4.1282093693534705,11.702702702702704,14.972972972972974,16.486486486486488,18.027027027027028,19.54054054054054,21.0,24.162162162162165,6.027027027027026,3.0540540540540526,3.162162162162165,3.27027027027027,6.432432432432435,True,True,True,True,True
2024-09-01,6M,20.0,19.99409080303288,2.366247965722073,-0.0685384251869085,4.18053225400395,14.054054054054054,17.135135135135137,18.54054054054054,20.0,21.45945945945946,22.864864864864867,25.945945945945947,5.72972972972973,2.9189189189189193,3.0810810810810807,3.0810810810810825,6.162162162162163,True,True,True,True,True
2024-10-01,6M,19.0,18.995332020922326,2.357339399233254,-0.1048617436511864,4.422628378863681,12.945945945945947,16.16216216216216,17.56756756756757,19.0,20.432432432432435,21.83783783783784,24.891891891891895,5.675675675675677,2.8648648648648667,3.054054054054056,3.216216216216214,6.27027027027027,True,True,True,True,True
2024-11-01,6M,20.0,19.267446089925713,3.8312039250991283,-0.41123664999792764,4.14890492051043,8.381381381381381,14.477477477477478,16.789789789789793,19.64864864864865,21.624624624624627,23.39039039039039,28.141141141141144,8.912912912912912,4.834834834834833,4.750750750750754,6.0960960960960975,10.846846846846852,True,True,True,True,True
2024-12-01,6M,17.0,17.034632382631436,2.9963112550169293,0.14961213275596125,5.050553514142827,9.364364364364365,13.408408408408409,15.25025025025025,17.05205205205205,18.853853853853856,20.575575575575577,24.57957957957958,7.167167167167168,3.603603603603606,4.004004004004003,4.044044044044044,8.048048048048047,True,True,True,True,True
2025-01-01,6M,15.0,15.028541650050464,2.906770761846899,0.3633191511084929,5.094594824348799,8.043043043043042,11.526526526526528,13.208208208208209,14.96996996996997,16.77177177177177,18.533533533533536,22.65765765765766,7.007007007007008,3.5635635635635623,4.124124124124123,3.483483483483486,7.6076076076076085,True,True,True,True,True
2025-02-01,6M,15.0,15.026945326662972,2.9116694925347306,0.08850973208519354,3.764922056543106,7.882882882882883,11.406406406406406,13.168168168168169,15.01001001001001,16.85185185185185,18.613613613613616,22.217217217217218,7.20720720720721,3.6836836836836824,3.6036036036036023,3.523523523523523,7.1271271271271255,True,True,True,True,True
2025-03-01,6M,17.0,17.006176744290077,2.8740460626553794,0.05441553822992052,3.718419224017129,10.005005005005005,13.448448448448449,15.17017017017017,17.01201201201201,18.813813813813816,20.575575575575577,24.0990990990991,7.127127127127128,3.643643643643646,3.5235235235235223,3.443443443443444,6.966966966966966,True,True,True,True,True
2025-04-01,6M,16.0,16.015721545327814,2.9638975138607555,0.02654212508169294,3.6147876470369398,8.723723723723724,12.327327327327328,14.12912912912913,16.01101101101101,17.892892892892895,19.694694694694697,23.21821821821822,7.367367367367368,3.763763763763766,3.5235235235235223,3.603603603603604,7.127127127127126,True,True,True,True,True
2025-05-01,6M,17.0,17.00732543666042,2.992876293731546,0.08814718391868066,3.7067604032086603,9.764764764764765,13.288288288288289,15.09009009009009,16.97197197197197,18.893893893893896,20.735735735735737,24.45945945945946,7.447447447447448,3.803803803803806,3.7237237237237224,3.523523523523524,7.2472472472472464,True,True,True,True,True
2025-06-01,6M,16.0,16.009882953225564,2.8453108580094164,0.052905764945605734,3.6342360212696714,9.084084084084084,12.487487487487488,14.20920920920921,16.01101101101101,17.812812812812812,19.534534534534536,23.01801801801802,7.047047047047048,3.6036036036036023,3.4834834834834822,3.403403403403404,6.886886886886886,True,True,True,True,True
2025-07-01,6M,12.0,12.051719926457661,2.5359080195841033,0.2570576505123268,3.6286410226765393,6.281281281281281,8.883883883883884,10.365365365365365,12.007007007007008,13.64864864864865,15.25025025025025,18.533533533533536,6.366366366366366,3.283283283283284,3.2832832832832857,2.6026026026026035,5.885885885885889,True,True,True,True,True
2025-08-01,6M,10.0,10.04818270740133,1.8769311543776674,0.28627505542343484,3.731733248320173,5.8408408408408405,7.682682682682683,8.803803803803804,10.005005005005005,11.246246246246246,12.407407407407408,14.84984984984985,4.724724724724726,2.4424424424424416,2.4424424424424416,1.841841841841842,4.284284284284284,True,True,True,True,True
2025-09-01,6M,10.0,10.068501594017505,2.013139132044971,0.37801077883467504,3.9240821998350413,5.68068068068068,7.5625625625625625,8.723723723723724,10.005005005005005,11.326326326326326,12.607607607607608,15.29029029029029,5.045045045045046,2.6026026026026017,2.6826826826826817,1.881881881881882,4.564564564564564,True,True,True,True,True
2025-10-01,6M,11.0,11.057704641916686,2.222759046602275,0.3176527764468741,4.042494082606846,6.041041041041041,8.283283283283284,9.604604604604605,11.006006006006006,12.447447447447448,13.80880880880881,16.77177177177177,5.525525525525525,2.8428428428428436,2.962962962962962,2.242242242242243,5.205205205205205,True,True,True,True,True
2025-11-01,6M,9.0,9.15198521883728,1.9214929549059363,0.5279908032198743,4.293418135446304,5.32032032032032,6.721721721721722,7.802802802802803,9.044044044044044,10.325325325325325,11.606606606606608,14.24924924924925,4.884884884884886,2.5225225225225225,2.6426426426426417,1.4014014014014018,4.0440440440440435,True,True,True,True,True
2025-12-01,6M,8.0,8.135724308808518,1.4739394094833933,0.5960854090296752,5.221844701330549,5.24024024024024,6.281281281281281,7.122122122122122,8.043043043043042,9.044044044044044,10.005005005005005,12.047047047047048,3.723723723723724,1.9219219219219221,2.042042042042043,1.0410410410410407,3.0830830830830838,True,True,True,True,True
2026-01-01,6M,9.0,9.038889458196339,1.5023370029625578,0.4153522218287937,4.921905392543329,5.68068068068068,7.162162162162162,8.043043043043042,9.004004004004004,9.964964964964965,10.885885885885886,12.967967967967969,3.7237237237237233,1.921921921921923,2.082082082082083,1.4814814814814818,3.563563563563565,True,True,True,True,True
2026-02-01,6M,9.0,9.069042260551104,1.6716682254421131,0.4058719418972763,4.011829413692559,5.52052052052052,6.961961961961962,7.922922922922923,9.004004004004004,10.125125125125125,11.166166166166166,13.448448448448449,4.204204204204204,2.2022022022022023,2.2822822822822832,1.4414414414414418,3.723723723723725,True,True,True,True,True
2026-03-01,6M,10.0,10.053458577255096,1.8610620565430656,0.2947821065146801,3.921851137229446,5.8408408408408405,7.722722722722723,8.843843843843844,10.005005005005005,11.206206206206206,12.367367367367368,14.80980980980981,4.644644644644646,2.3623623623623615,2.4424424424424416,1.881881881881882,4.324324324324324,True,True,True,True,True
2019-03-01,1Y,3.0,4.062891480830297,0.7744875822486539,2.264046046305004,26.901367911620802,3.028028028028028,3.1821821821821823,3.4624624624624625,3.938938938938939,4.513513513513514,5.046046046046046,6.083083083083083,1.8638638638638634,1.0510510510510516,1.0370370370370372,0.15415415415415445,1.1911911911911917,True,True,True,True,True
2019-04-01,1Y,5.0,5.182502332227895,1.2165999892051214,1.639066210076968,12.283154217027796,3.1121121121121122,3.756756756756757,4.373373373373373,5.102102102102102,5.8308308308308305,6.55955955955956,8.82982982982983,2.8028028028028027,1.4574574574574575,2.27027027027027,0.6446446446446448,2.914914914914915,True,True,True,True,True
2019-05-01,1Y,5.0,5.234291991662702,1.1742937285967332,1.1827306117715162,9.405388403846313,3.1121121121121122,3.784784784784785,4.443443443443443,5.186186186186186,5.914914914914915,6.601601601601601,8.577577577577578,2.816816816816816,1.4714714714714718,1.9759759759759774,0.6726726726726726,2.64864864864865,True,True,True,True,True
2019-06-01,1Y,5.0,5.190633708370108,1.223160948435356,2.070707619249646,16.08313345461796,3.126126126126126,3.798798798798799,4.415415415415415,5.116116116116116,5.802802802802803,6.475475475475475,8.927927927927929,2.6766766766766765,1.3873873873873874,2.4524524524524534,0.6726726726726726,3.125125125125126,True,True,True,True,True
2019-07-01,1Y,5.0,5.186239401760336,1.1683331647959,2.249995029721937,18.774259277974444,3.126126126126126,3.840840840840841,4.4574574574574575,5.1441441441441444,5.774774774774775,6.363363363363364,8.61961961961962,2.522522522522523,1.3173173173173174,2.256256256256256,0.7147147147147148,2.9709709709709706,True,True,True,True,True
2019-08-01,1Y,5.0,5.217190139060784,1.194311819612199,2.3045607489480027,19.949540725244546,3.126126126126126,3.826826826826827,4.471471471471471,5.186186186186186,5.8308308308308305,6.41941941941942,8.577577577577578,2.5925925925925926,1.3593593593593596,2.158158158158159,0.7007007007007009,2.8588588588588597,True,True,True,True,True
2019-09-01,1Y,5.0,5.1861720195916075,1.1796211979077396,2.4716001028677494,20.420444532054052,3.14014014014014,3.854854854854855,4.471471471471471,5.1441441441441444,5.7607607607607605,6.335335335335335,8.717717717717719,2.4804804804804803,1.2892892892892895,2.3823823823823833,0.7147147147147148,3.097097097097098,True,True,True,True,True
2019-10-01,1Y,5.0,5.141245520760355,1.117241965429068,2.629201971234477,21.059981697680577,3.168168168168168,3.938938938938939,4.4994994994995,5.074074074074074,5.648648648648649,6.2092092092092095,8.661661661661661,2.2702702702702706,1.1491491491491495,2.4524524524524516,0.7707707707707709,3.2232232232232225,True,True,True,True,True
2019-11-01,1Y,5.0,5.100661083959021,1.0301629763338185,2.3851493322205393,18.604972800543983,3.21021021021021,3.994994994994995,4.513513513513514,5.032032032032032,5.564564564564565,6.111111111111111,8.437437437437438,2.1161161161161157,1.0510510510510507,2.3263263263263276,0.7847847847847849,3.1111111111111125,True,True,True,True,True
2019-12-01,1Y,5.0,5.050980722372057,0.9110947923716213,1.1563477995965072,8.682622671593423,3.224224224224224,3.980980980980981,4.471471471471471,5.004004004004004,5.536536536536536,6.097097097097097,7.764764764764765,2.116116116116116,1.065065065065065,1.6676676676676676,0.756756756756757,2.4244244244244246,True,True,True,True,True
2020-01-01,1Y,4.0,4.223045608728973,0.7675162253251427,1.4317212112092685,9.675417016757507,3.042042042042042,3.3223223223223224,3.6726726726726726,4.135135135135135,4.63963963963964,5.158158158158158,6.461461461461461,1.8358358358358355,0.9669669669669672,1.303303303303303,0.2802802802802802,1.5835835835835832,True,True,True,True,True
2020-02-01,1Y,4.0,4.209285933833589,0.7331366076797947,2.2314360953792782,19.957989129211587,3.056056056056056,3.3643643643643646,3.714714714714715,4.1491491491491495,4.597597597597598,5.032032032032032,6.293293293293294,1.6676676676676676,0.8828828828828827,1.2612612612612617,0.30830830830830847,1.5695695695695702,True,True,True,True,True
2020-03-01,1Y,3.0,4.014721413759792,0.8616049592146772,4.1433894162470635,48.616882210026525,3.014014014014014,3.168168168168168,3.4204204204204203,3.854854854854855,4.415415415415415,5.004004004004004,6.167167167167167,1.8358358358358364,0.994994994994995,1.163163163163163,0.154154154154154,1.317317317317317,True,True,True,True,True
2020-04-01,1Y,4.0,4.3251590470573,1.0393786073062337,4.1284741404311465,35.78532138732749,3.042042042042042,3.3363363363363363,3.7007007007007005,4.191191191191191,4.737737737737738,5.27027027027027,7.386386386386387,1.9339339339339339,1.0370370370370372,2.1161161161161166,0.2942942942942941,2.4104104104104107,True,True,True,True,True
2020-05-01,1Y,3.0,3.622529796107975,1.239449485100868,0.8960347426351742,5.279770782515958,2.03003003003003,2.225225225225225,2.5255255255255253,3.711711711711712,4.5225225225225225,5.078078078078078,6.2042042042042045,2.8528528528528527,1.9969969969969972,1.1261261261261266,0.19519519519519513,1.3213213213213217,True,True,True,True,True
2020-06-01,1Y,3.0,3.3285448216361258,1.0111364601060584,4.12990414887469,35.198072981849016,2.045045045045045,2.3753753753753752,2.7507507507507505,3.201201201201201,3.666666666666667,4.207207207207207,6.654654654654655,1.831831831831832,0.9159159159159165,2.4474474474474475,0.3303303303303302,2.7777777777777777,True,True,True,True,True
2020-07-01,1Y,3.0,3.3155266891576707,0.9943666988190067,4.064358272812377,34.221213640583066,2.045045045045045,2.3903903903903903,2.7507507507507505,3.186186186186186,3.651651651651652,4.177177177177177,6.624624624624625,1.786786786786787,0.9009009009009015,2.4474474474474475,0.3453453453453452,2.7927927927927927,True,True,True,True,True
2020-08-01,1Y,3.5,3.655302333530981,1.1059915608078466,3.1751289178329785,23.294736089130662,2.09009009009009,2.5555555555555554,3.006006006006006,3.5465465465465464,3.996996996996997,4.852852852852853,7.48048048048048,2.2972972972972974,0.9909909909909911,2.6276276276276276,0.4654654654654653,3.093093093093093,True,True,True,True,True
2020-09-01,1Y,3.5,3.653975953564971,0.9722546448573597,3.3924666960725074,28.51581118518111,2.105105105105105,2.6606606606606604,3.111111111111111,3.5915915915915915,4.027027027027027,4.5225225225225225,6.804804804804805,1.861861861861862,0.915915915915916,2.2822822822822824,0.5555555555555554,2.8378378378378377,True,True,True,True,True
2020-10-01,1Y,3.5,3.651080805411173,1.030570501994738,4.001601256789273,34.53831591873144,2.105105105105105,2.6456456456456454,3.096096096096096,3.5765765765765765,4.027027027027027,4.4924924924924925,6.96996996996997,1.846846846846847,0.930930930930931,2.4774774774774775,0.5405405405405403,3.018018018018018,True,True,True,True,True
2020-11-01,1Y,3.5,3.6503503821911036,1.0517842067808136,4.021654107466325,32.15155671670205,2.105105105105105,2.6756756756756754,3.096096096096096,3.5615615615615615,3.981981981981982,4.4624624624624625,7.42042042042042,1.786786786786787,0.885885885885886,2.957957957957958,0.5705705705705704,3.528528528528528,True,True,True,True,True
2020-12-01,1Y,3.5,3.609752767329239,1.044021172718948,3.9412976808811657,30.47683791880608,2.09009009009009,2.6006006006006004,3.051051051051051,3.5615615615615615,3.981981981981982,4.357357357357357,8.006006006006006,1.756756756756757,0.930930930930931,3.6486486486486482,0.5105105105105103,4.159159159159159,True,True,True,True,True
2021-01-01,1Y,3.5,3.626080005532452,1.083251700069503,4.192572616568628,35.15050555244246,2.075075075075075,2.5405405405405403,3.036036036036036,3.5915915915915915,4.042042042042042,4.4324324324324325,7.7957957957957955,1.891891891891892,1.006006006006006,3.363363363363363,0.4654654654654653,3.8288288288288284,True,True,True,True,True
2021-02-01,1Y,4.0,4.068484823932055,1.1993613396007325,3.751801117276718,28.511172426371655,2.135135135135135,2.945945945945946,3.4864864864864864,3.981981981981982,4.4474474474474475,4.987987987987988,8.771771771771771,2.0420420420420418,0.9609609609609611,3.7837837837837833,0.810810810810811,4.594594594594595,True,True,True,True,True
2021-03-01,1Y,4.25,4.35895464150614,1.261238140966181,3.336218181281573,26.728864439981685,2.18018018018018,3.081081081081081,3.696696696696697,4.297297297297297,4.837837837837838,5.408408408408409,8.426426426426428,2.327327327327328,1.1411411411411407,3.0180180180180187,0.900900900900901,3.9189189189189197,True,True,True,True,True
2021-04-01,1Y,4.75,4.808402669388177,1.3815121452297399,2.7802879791453003,21.268485448408267,2.24024024024024,3.3663663663663663,4.072072072072072,4.762762762762763,5.363363363363364,6.009009009009009,9.387387387387388,2.642642642642643,1.2912912912912917,3.378378378378379,1.1261261261261262,4.504504504504505,True,True,True,True,True
2021-05-01,1Y,4.75,4.807897144689841,1.3380513160572303,2.389713205946063,20.034952780446527,2.195195195195195,3.3213213213213213,4.057057057057057,4.792792792792793,5.438438438438439,6.054054054054054,8.726726726726728,2.732732732732733,1.3813813813813818,2.6726726726726735,1.1261261261261262,3.7987987987987997,True,True,True,True,True
2021-06-01,1Y,2.0,3.333519492907236,0.8419061154504849,2.9143666173059963,40.562002283837295,2.03003003003003,2.33033033033033,2.7507507507507505,3.2762762762762763,3.816816816816817,4.342342342342342,5.303303303303304,2.012012012012012,1.0660660660660666,0.9609609609609615,0.3003003003003002,1.2612612612612617,True,True,True,True,True
2021-07-01,1Y,5.5,5.529588590420887,1.3944006201646313,1.3612723403565588,11.293314826791319,2.4954954954954953,3.906906906906907,4.717717717717718,5.513513513513514,6.2492492492492495,6.96996996996997,9.687687687687689,3.063063063063063,1.5315315315315319,2.7177177177177185,1.4114114114114118,4.12912912912913,True,True,True,True,True
2021-08-01,1Y,5.0,5.057583762353849,1.3227076185484399,1.3307817809157965,10.827335722518468,2.3453453453453452,3.4864864864864864,4.237237237237237,5.033033033033033,5.768768768768769,6.48948948948949,8.921921921921921,3.0030030030030033,1.5315315315315319,2.4324324324324316,1.1411411411411412,3.5735735735735727,True,True,True,True,True
2021-09-01,1Y,4.5,4.5738100722237345,1.1486551422696736,0.7990193865021915,6.7719565487014695,2.24024024024024,3.156156156156156,3.816816816816817,4.5375375375375375,5.258258258258259,5.948948948948949,7.6906906906906904,2.792792792792793,1.4414414414414418,1.7417417417417411,0.915915915915916,2.657657657657657,True,True,True,True,True
2021-10-01,1Y,2.0,2.9990093383751484,0.7451040449561699,0.9206654071386549,3.780897383984095,2.015015015015015,2.15015015015015,2.3903903903903903,2.840840840840841,3.4564564564564564,4.042042042042042,5.018018018018018,1.891891891891892,1.0660660660660661,0.9759759759759756,0.1351351351351351,1.1111111111111107,True,True,True,True,True
2021-11-01,1Y,2.0,2.873712995250893,0.7574830618489332,1.3042738841269959,4.567492499746987,2.015015015015015,2.12012012012012,2.3003003003003,2.6456456456456454,3.2162162162162162,3.981981981981982,5.093093093093093,1.861861861861862,0.915915915915916,1.1111111111111107,0.10510510510510507,1.2162162162162158,True,True,True,True,True
2021-12-01,1Y,2.0,2.7326480707858023,0.7800310032049829,1.8722724788616576,6.425292972966998,2.015015015015015,2.09009009009009,2.21021021021021,2.4654654654654653,2.855855855855856,3.996996996996997,5.168168168168168,1.9069069069069071,0.6456456456456459,1.1711711711711708,0.07507507507507505,1.2462462462462458,True,True,True,True,True
2022-01-01,1Y,4.75,4.787574626219279,1.2295172497311582,0.27931082695413156,3.1659764972741975,2.255255255255255,3.156156156156156,3.966966966966967,4.762762762762763,5.573573573573574,6.354354354354355,7.900900900900901,3.1981981981981984,1.606606606606607,1.546546546546546,0.900900900900901,2.447447447447447,True,True,True,True,True
2022-02-01,1Y,5.5,5.575413598783219,1.3416163264764507,0.1526109891360428,3.2533806544765183,2.4504504504504503,3.876876876876877,4.762762762762763,5.513513513513514,6.414414414414415,7.33033033033033,8.891891891891891,3.453453453453453,1.651651651651652,1.561561561561561,1.4264264264264268,2.987987987987988,True,True,True,True,True
2022-04-01,1Y,4.0,5.458779757308536,1.7828420655711317,1.1196076373430293,5.104860060175192,3.054054054054054,3.4324324324324325,4.054054054054054,5.135135135135135,6.486486486486487,7.837837837837838,10.594594594594595,4.405405405405405,2.4324324324324325,2.756756756756757,0.3783783783783785,3.1351351351351355,True,True,True,True,True
2022-05-01,1Y,3.0,4.988413639485936,1.8931299180367964,2.196956555490801,11.10578994829372,3.027027027027027,3.27027027027027,3.6486486486486487,4.45945945945946,5.675675675675675,7.324324324324325,11.18918918918919,4.054054054054054,2.0270270270270268,3.864864864864865,0.24324324324324298,4.108108108108108,True,True,True,True,True
2022-12-01,1Y,3.0,4.85065555765802,1.621924382774971,2.788762346697355,23.11238606217549,3.027027027027027,3.27027027027027,3.7027027027027026,4.486486486486487,5.5675675675675675,6.756756756756757,9.783783783783784,3.486486486486487,1.864864864864865,3.027027027027027,0.24324324324324298,3.27027027027027,True,True,True,True,True
2023-01-01,1Y,3.0,4.7979076613260405,1.4958262671323503,2.1748917649670836,15.630911786441523,3.027027027027027,3.27027027027027,3.7027027027027026,4.45945945945946,5.513513513513514,6.648648648648649,9.297297297297298,3.378378378378379,1.8108108108108114,2.648648648648649,0.24324324324324298,2.891891891891892,True,True,True,True,True
2023-02-01,1Y,4.0,5.1793022035330125,1.619963870862047,1.6880287322975676,11.095528563299194,3.054054054054054,3.4054054054054053,3.972972972972973,4.891891891891892,6.027027027027027,7.216216216216217,9.945945945945947,3.8108108108108114,2.0540540540540544,2.7297297297297307,0.3513513513513513,3.081081081081082,True,True,True,True,True
2023-03-01,1Y,5.0,5.689762177545192,1.7539990399285301,1.200164923680419,6.997101746007277,3.081081081081081,3.621621621621622,4.378378378378379,5.45945945945946,6.7027027027027035,7.918918918918919,10.783783783783784,4.297297297297297,2.3243243243243246,2.864864864864865,0.5405405405405408,3.4054054054054057,True,True,True,True,True
2023-04-01,1Y,5.0,5.544381660994789,1.626219257312883,1.133480784329073,6.387082761137925,3.081081081081081,3.621621621621622,4.324324324324325,5.324324324324325,6.45945945945946,7.621621621621622,10.243243243243244,4.0,2.135135135135135,2.621621621621622,0.5405405405405408,3.1621621621621627,True,True,True,True,True
2023-05-01,1Y,5.0,5.457419239120461,1.5566169600416833,1.106338495102043,6.045952704067314,3.081081081081081,3.621621621621622,4.297297297297297,5.243243243243244,6.324324324324325,7.45945945945946,9.972972972972974,3.8378378378378377,2.027027027027027,2.513513513513514,0.5405405405405408,3.054054054054055,True,True,True,True,True
2023-06-01,1Y,5.0,5.437325321912251,1.4803804078281875,0.9413487122926081,5.239006561861313,3.081081081081081,3.6486486486486487,4.324324324324325,5.27027027027027,6.297297297297297,7.351351351351352,9.594594594594595,3.702702702702703,1.9729729729729728,2.243243243243243,0.5675675675675675,2.8108108108108105,True,True,True,True,True
2023-07-01,1Y,4.0,4.955089137656731,1.4537778632098808,1.5428007515264863,9.094145894135181,3.054054054054054,3.3783783783783785,3.864864864864865,4.675675675675675,5.702702702702703,6.8108108108108105,9.297297297297298,3.432432432432432,1.8378378378378377,2.4864864864864877,0.32432432432432456,2.8108108108108123,True,True,True,True,True
2023-08-01,1Y,4.0,4.780481579235234,1.3752291530184964,2.0414176511292093,15.500150100109684,3.054054054054054,3.3243243243243246,3.7837837837837838,4.513513513513514,5.4324324324324325,6.486486486486487,8.972972972972974,3.1621621621621623,1.6486486486486487,2.486486486486487,0.2702702702702706,2.7567567567567575,True,True,True,True,True
2023-09-01,1Y,3.0,4.336803633105733,1.1558066000407732,2.3481152025160585,19.605889647929548,3.027027027027027,3.189189189189189,3.4864864864864864,4.054054054054054,4.837837837837838,5.72972972972973,7.891891891891892,2.540540540540541,1.3513513513513513,2.1621621621621623,0.16216216216216184,2.324324324324324,True,True,True,True,True
2023-10-01,1Y,6.0,6.071101062578323,1.3413166951195945,1.0434976912777134,9.64158998462853,3.3513513513513513,4.486486486486487,5.1891891891891895,6.0,6.8108108108108105,7.675675675675676,9.91891891891892,3.1891891891891895,1.621621621621621,2.243243243243243,1.1351351351351355,3.3783783783783785,True,True,True,True,True
2023-11-01,1Y,6.0,6.22663629563752,1.7059497903821474,1.0273255140882611,7.30095378818219,3.189189189189189,4.162162162162162,5.054054054054054,6.081081081081081,7.1891891891891895,8.35135135135135,11.08108108108108,4.189189189189189,2.135135135135135,2.72972972972973,0.9729729729729732,3.702702702702703,True,True,True,True,True
2023-12-01,1Y,4.0,5.290857261463846,1.7611586668734613,1.5933924891570064,8.823702660589012,3.054054054054054,3.4054054054054053,3.972972972972973,4.918918918918919,6.1891891891891895,7.54054054054054,10.675675675675677,4.135135135135135,2.2162162162162167,3.135135135135137,0.3513513513513513,3.486486486486488,True,True,True,True,True
2024-01-01,1Y,4.0,5.301054091451042,1.7295702760140237,1.4396260115770656,7.5809479867666765,3.054054054054054,3.4054054054054053,4.0,4.972972972972973,6.216216216216216,7.54054054054054,10.513513513513514,4.135135135135135,2.216216216216216,2.9729729729729737,0.3513513513513513,3.324324324324325,True,True,True,True,True
2024-02-01,1Y,4.0,5.382307133724631,1.8114367463525638,1.4902637562127106,7.863202104900315,3.054054054054054,3.4324324324324325,4.027027027027027,5.027027027027027,6.324324324324325,7.72972972972973,10.891891891891891,4.297297297297297,2.2972972972972974,3.1621621621621614,0.3783783783783785,3.54054054054054,True,True,True,True,True
2024-03-01,1Y,5.0,6.096960396830051,2.1904549235575876,1.2992985286320085,6.576661822579324,3.081081081081081,3.6486486486486487,4.45945945945946,5.72972972972973,7.27027027027027,8.945945945945947,12.702702702702704,5.297297297297298,2.8108108108108105,3.756756756756756,0.5675675675675675,4.324324324324324,True,True,True,True,True
2024-04-01,1Y,6.0,6.889652384790529,2.5329760094865725,1.0802165178399583,5.424548167505558,3.108108108108108,3.918918918918919,5.0,6.54054054054054,8.324324324324325,10.18918918918919,14.351351351351353,6.27027027027027,3.3243243243243246,4.162162162162163,0.810810810810811,4.972972972972974,True,True,True,True,True
2024-05-01,1Y,6.0,6.89801301501006,2.550160362748034,1.1416263882918447,5.781272098830574,3.108108108108108,3.945945945945946,5.0,6.54054054054054,8.324324324324325,10.18918918918919,14.513513513513514,6.243243243243244,3.3243243243243246,4.324324324324325,0.8378378378378382,5.162162162162163,True,True,True,True,True
2024-06-01,1Y,8.5,8.824277796941312,2.8627599907992893,0.6322409307403808,4.239045447268753,3.3783783783783785,5.27027027027027,6.837837837837839,8.64864864864865,10.54054054054054,12.432432432432433,16.72972972972973,7.162162162162163,3.7027027027027017,4.2972972972972965,1.8918918918918917,6.189189189189188,True,True,True,True,True
2024-07-01,1Y,12.0,12.064880084547337,3.0138153023450243,0.24141378751159445,3.934559994859888,4.891891891891892,8.35135135135135,10.162162162162161,12.027027027027028,13.91891891891892,15.756756756756758,19.89189189189189,7.405405405405407,3.756756756756758,4.135135135135133,3.4594594594594588,7.594594594594592,True,True,True,True,True
2024-08-01,1Y,15.5,15.509133370630092,3.279908068016314,0.06723339483950273,3.6898221242044764,7.4324324324324325,11.45945945945946,13.432432432432433,15.486486486486488,17.54054054054054,19.54054054054054,23.81081081081081,8.08108108108108,4.108108108108107,4.27027027027027,4.027027027027027,8.297297297297298,True,True,True,True,True
2024-09-01,1Y,17.0,16.99763951926542,3.1802252316397417,-0.00046895562242340813,3.757773010843178,9.054054054054054,13.108108108108109,15.0,17.0,18.972972972972975,20.89189189189189,25.027027027027028,7.783783783783782,3.9729729729729755,4.135135135135137,4.054054054054054,8.189189189189191,True,True,True,True,True
2024-10-01,1Y,15.5,15.50857433310145,3.176439996317563,0.049770459456656625,3.842702099949915,7.54054054054054,11.621621621621623,13.54054054054054,15.513513513513514,17.45945945945946,19.37837837837838,23.56756756756757,7.756756756756756,3.9189189189189193,4.1891891891891895,4.0810810810810825,8.270270270270272,True,True,True,True,True
2024-11-01,1Y,14.5,16.323903036693803,4.78502315561598,0.759895538136761,3.5906375551379135,6.867867867867869,11.366366366366368,13.426426426426428,15.486486486486488,18.429429429429433,22.633633633633636,29.31831831831832,11.267267267267268,5.0030030030030055,6.684684684684683,4.498498498498499,11.183183183183182,True,True,True,True,True
2024-12-01,1Y,13.0,13.232494270638758,3.6065924425757165,0.7410249902028355,5.532482627523103,5.880880880880881,8.843843843843844,10.845845845845846,13.048048048048049,15.33033033033033,17.65265265265265,23.33833833833834,8.808808808808807,4.484484484484485,5.685685685685687,2.9629629629629637,8.648648648648651,True,True,True,True,True
2025-01-01,1Y,11.0,11.477046965069738,3.4453960583406134,1.072946251374659,6.900599072018598,5.36036036036036,7.362362362362362,9.124124124124124,11.166166166166166,13.408408408408409,15.69069069069069,21.456456456456458,8.328328328328329,4.2842842842842845,5.765765765765767,2.002002002002002,7.7677677677677694,True,True,True,True,True
2025-02-01,1Y,12.0,12.434614303507622,3.7093497636832446,0.7559137918847314,4.999209394425764,5.48048048048048,7.882882882882883,9.884884884884885,12.207207207207208,14.60960960960961,17.09209209209209,22.73773773773774,9.20920920920921,4.724724724724725,5.645645645645647,2.4024024024024024,8.048048048048049,True,True,True,True,True
2025-03-01,1Y,13.0,13.290245135201472,3.791419012304199,0.5772987110458617,4.252632552665966,5.7207207207207205,8.563563563563564,10.725725725725725,13.088088088088089,15.57057057057057,18.053053053053056,23.6986986986987,9.489489489489491,4.844844844844845,5.645645645645644,2.8428428428428436,8.488488488488487,True,True,True,True,True
2025-04-01,1Y,12.0,12.468228409776135,3.7739827489234408,0.689478046719069,4.439414008747289,5.44044044044044,7.802802802802803,9.804804804804805,12.207207207207208,14.72972972972973,17.25225225225225,22.97797797797798,9.44944944944945,4.924924924924925,5.725725725725727,2.3623623623623624,8.088088088088089,True,True,True,True,True
2025-05-01,1Y,13.0,13.343053466334649,3.895979563634072,0.5758368825880655,4.166281652551601,5.64064064064064,8.483483483483484,10.685685685685685,13.128128128128129,15.69069069069069,18.253253253253256,24.05905905905906,9.769769769769772,5.005005005005005,5.805805805805804,2.8428428428428436,8.648648648648647,True,True,True,True,True
2025-06-01,1Y,12.0,12.420889810181635,3.664008497624779,0.6291971356876129,4.209020395172131,5.48048048048048,7.842842842842843,9.844844844844845,12.207207207207208,14.64964964964965,17.05205205205205,22.53753753753754,9.20920920920921,4.804804804804805,5.485485485485487,2.3623623623623624,7.8478478478478495,True,True,True,True,True
2025-07-01,1Y,8.0,9.198895416262836,2.9071373142247037,1.4415417135234645,8.08929899315136,5.12012012012012,5.920920920920921,7.042042042042042,8.723723723723724,10.725725725725725,12.887887887887889,17.932932932932935,6.966966966966968,3.6836836836836833,5.045045045045047,0.8008008008008005,5.845845845845847,True,True,True,True,True
2025-08-01,1Y,6.0,7.661296603257815,2.2247566805632855,2.438699535010879,18.462604601058803,5.04004004004004,5.44044044044044,6.081081081081081,7.162162162162162,8.643643643643644,10.325325325325325,14.48948948948949,4.884884884884885,2.5625625625625634,4.1641641641641645,0.40040040040040026,4.564564564564565,True,True,True,True,True
2025-10-01,1Y,6.0,7.680602532884601,2.188946076820123,2.3828999701521063,18.727379057619757,5.04004004004004,5.48048048048048,6.121121121121121,7.202202202202202,8.683683683683684,10.325325325325325,14.32932932932933,4.844844844844845,2.5625625625625634,4.004004004004004,0.4404404404404403,4.444444444444445,True,True,True,True,True
2025-11-01,1Y,6.0,7.44126180184441,2.0184215895901865,2.6939445689858834,24.557071540321967,5.04004004004004,5.44044044044044,6.001001001001001,7.002002002002002,8.323323323323324,9.844844844844845,13.568568568568569,4.404404404404405,2.3223223223223233,3.723723723723724,0.40040040040040026,4.124124124124124,True,True,True,True,True
2025-12-01,1Y,6.0,6.924508318265339,1.5730113216205133,3.6426222991417125,49.83139673984465,5.04004004004004,5.36036036036036,5.8408408408408405,6.601601601601601,7.602602602602603,8.723723723723724,11.526526526526528,3.363363363363364,1.761761761761762,2.8028028028028036,0.3203203203203202,3.123123123123124,True,True,True,True,True
2026-01-01,1Y,6.0,6.8905421392906385,1.50277413550699,3.2343518425614985,42.988694799932034,5.04004004004004,5.36036036036036,5.8408408408408405,6.601601601601601,7.5625625625625625,8.643643643643644,11.286286286286286,3.283283283283284,1.721721721721722,2.6426426426426417,0.3203203203203202,2.962962962962962,True,True,True,True,True
2026-02-01,1Y,7.0,7.79509955213288,1.9880323688904507,1.9012315677631288,14.072966661347808,5.08008008008008,5.64064064064064,6.361361361361361,7.4424424424424425,8.803803803803804,10.245245245245245,13.72872872872873,4.604604604604605,2.4424424424424434,3.483483483483484,0.5605605605605604,4.044044044044044,True,True,True,True,True
2026-03-01,1Y,9.0,9.446222860725381,2.442691512567071,1.3937726278988807,9.540990974780627,5.24024024024024,6.601601601601601,7.802802802802803,9.244244244244245,10.765765765765765,12.327327327327328,16.89189189189189,5.725725725725727,2.962962962962963,4.564564564564563,1.3613613613613609,5.925925925925924,True,True,True,True,True
